-- phpMyAdmin SQL Dump
-- version 4.7.7
-- https://www.phpmyadmin.net/
--
-- Host: localhost:3306
-- Generation Time: Jan 09, 2019 at 03:44 PM
-- Server version: 10.1.37-MariaDB-cll-lve
-- PHP Version: 5.6.30

SET SQL_MODE = "NO_AUTO_VALUE_ON_ZERO";
SET AUTOCOMMIT = 0;
START TRANSACTION;
SET time_zone = "+00:00";


/*!40101 SET @OLD_CHARACTER_SET_CLIENT=@@CHARACTER_SET_CLIENT */;
/*!40101 SET @OLD_CHARACTER_SET_RESULTS=@@CHARACTER_SET_RESULTS */;
/*!40101 SET @OLD_COLLATION_CONNECTION=@@COLLATION_CONNECTION */;
/*!40101 SET NAMES utf8mb4 */;

--
-- Database: `saswo_test`
--

-- --------------------------------------------------------

--
-- Table structure for table `casemethodfeature`
--

CREATE TABLE `casemethodfeature` (
  `caseid` int(11) NOT NULL,
  `methodid` int(11) NOT NULL,
  `featureid` int(11) NOT NULL,
  `stage` text CHARACTER SET utf8,
  `outcome` text CHARACTER SET utf8,
  `m1` float DEFAULT NULL,
  `m1units` text CHARACTER SET utf8,
  `m2` float DEFAULT NULL,
  `m2units` text CHARACTER SET utf8,
  `matched` int(11) DEFAULT NULL
) ENGINE=InnoDB DEFAULT CHARSET=latin1;

-- --------------------------------------------------------

--
-- Table structure for table `cases`
--

CREATE TABLE `cases` (
  `id` int(11) NOT NULL,
  `casenumber` text CHARACTER SET utf8 NOT NULL,
  `caseyear` int(11) DEFAULT NULL,
  `casename` text CHARACTER SET utf8 NOT NULL,
  `caseagency` text CHARACTER SET utf8,
  `memberid` int(11) NOT NULL,
  `fasex` text CHARACTER SET utf8,
  `faage` float DEFAULT NULL,
  `faage2` float DEFAULT NULL,
  `faageunits` text CHARACTER SET utf8,
  `faageunits2` text CHARACTER SET utf8,
  `faancestryeuro` int(11) DEFAULT NULL,
  `faancestryaf` int(11) DEFAULT NULL,
  `faancestryas` text CHARACTER SET utf8,
  `faancestryna` int(11) DEFAULT NULL,
  `faancestryhi` int(11) DEFAULT NULL,
  `faancestryot` int(11) DEFAULT NULL,
  `faancestryottext` text CHARACTER SET utf8,
  `fastature` float DEFAULT NULL,
  `fastature2` float DEFAULT NULL,
  `fastatureunits` text CHARACTER SET utf8,
  `idsex` text CHARACTER SET utf8,
  `idage` int(11) DEFAULT NULL,
  `idageunits` text CHARACTER SET utf8,
  `idraceas` int(11) DEFAULT NULL,
  `idraceaf` int(11) DEFAULT NULL,
  `idracewh` int(11) DEFAULT NULL,
  `idracehi` int(11) DEFAULT NULL,
  `idracena` int(11) DEFAULT NULL,
  `idraceot` int(11) DEFAULT NULL,
  `idraceottext` text CHARACTER SET utf8,
  `idancaddtext` text CHARACTER SET utf32 COLLATE utf32_bin,
  `idstature` float DEFAULT NULL,
  `idstatureunits` text CHARACTER SET utf8,
  `idsource` text CHARACTER SET utf8,
  `nummethods` int(11) DEFAULT NULL,
  `casenotes` text CHARACTER SET utf8,
  `datestarted` date NOT NULL,
  `datemodified` date NOT NULL,
  `datesubmitted` date NOT NULL,
  `submissionstatus` int(11) NOT NULL
) ENGINE=InnoDB DEFAULT CHARSET=latin1;

--
-- Dumping data for table `cases`
--

INSERT INTO `cases` (`id`, `casenumber`, `caseyear`, `casename`, `caseagency`, `memberid`, `fasex`, `faage`, `faage2`, `faageunits`, `faageunits2`, `faancestryeuro`, `faancestryaf`, `faancestryas`, `faancestryna`, `faancestryhi`, `faancestryot`, `faancestryottext`, `fastature`, `fastature2`, `fastatureunits`, `idsex`, `idage`, `idageunits`, `idraceas`, `idraceaf`, `idracewh`, `idracehi`, `idracena`, `idraceot`, `idraceottext`, `idancaddtext`, `idstature`, `idstatureunits`, `idsource`, `nummethods`, `casenotes`, `datestarted`, `datemodified`, `datesubmitted`, `submissionstatus`) VALUES
(71, 'X09881', 1984, 'First One', 'UIUC', 1, 'Female', 12, 16, 'years', 'years', 0, 0, '1', 0, 0, 1, 'Unknown', 0, 0, '', 'Male', 6, 'years', 0, 0, 0, 0, 0, 0, '', NULL, 0, '', '', 2, '', '2015-01-30', '2015-01-30', '2015-01-30', -1),
(72, 'X098jj', 1912, '', 'UIUC', 1, '', 0, 0, '', '', 0, 0, '0', 1, 0, 0, '', 0, 0, '', '', 0, '', 0, 0, 1, 0, 0, 0, '', NULL, 0, '', '', 1, '', '2015-01-30', '2015-01-30', '2015-01-30', -1),
(73, 'Y09iid', 1945, '', '', 1, '', 0, 0, '', '', 0, 0, '0', 0, 0, 0, '', 0, 0, '', '', 0, '', 0, 0, 0, 0, 0, 0, '', NULL, 0, '', '', 0, '', '2015-01-30', '2015-01-30', '2015-01-30', -1),
(74, 'X09iiOO', 1945, 'the one cold case I have left', 'UIUC', 1, 'Probable Female', 30, 35, 'years', 'years', 0, 0, '0', 0, 0, 0, '', 0, 0, '', '', 0, '', 0, 0, 0, 0, 0, 0, '', NULL, 0, '', '', 6, '', '2015-01-30', '2015-02-13', '0000-00-00', 0),
(75, 'dd', 2008, 'lkj', 'jjk', 22, 'Probable Female', 30, 53, 'years', 'years', 1, 1, '1', 1, 1, 1, 'oiop', 50, 95, 'in', 'Female', 31, 'years', 1, 1, 1, 1, 1, 1, 'sdfg', NULL, 54, 'in', 'driver\'s liscence', 5, 'asdjfklakj\r\nglakdjg\r\na;lkjdljkkljklgjf\'lgjeoir', '2015-02-01', '2015-02-01', '2015-02-01', -1),
(76, '876', 1978, '', '', 22, '', 0, 0, '', '', 0, 0, '0', 0, 0, 0, '', 0, 0, '', '', 0, '', 0, 0, 0, 0, 0, 0, '', NULL, 0, '', '', 0, '', '2015-02-01', '2015-02-01', '0000-00-00', 0),
(77, '02-sofa2', 2002, '', 'SOFA', 1, 'Indeterminate', 2, 1, 'months', 'years', 0, 0, '0', 0, 0, 0, '', 20, 25, 'in', 'Male', 10, 'months', 0, 0, 1, 0, 0, 0, '', NULL, 27, 'in', 'medical records', 0, '', '2015-02-14', '2015-02-14', '0000-00-00', 0),
(78, '11-09', 2011, '', '', 1, '', 0, 0, '', '', 0, 0, '0', 0, 0, 0, '', 0, 0, '', '', 0, '', 0, 0, 0, 0, 0, 0, '', NULL, 0, '', '', 6, '', '2015-02-14', '2015-02-14', '0000-00-00', 0),
(79, '99-789', 1999, '', '', 1, '', 0, 0, '', '', 0, 0, '0', 0, 0, 0, '', 0, 0, '', '', 0, '', 0, 0, 0, 0, 0, 0, '', NULL, 0, '', '', 10, '', '2015-02-14', '2015-02-14', '0000-00-00', 0),
(80, '01889', 2001, '', '', 1, 'Female', 0, 0, '', '', 0, 0, '0', 0, 0, 0, '', 0, 0, '', '', 0, '', 0, 0, 0, 0, 0, 0, '', NULL, 0, '', '', 0, '', '2015-02-14', '2015-02-14', '0000-00-00', 0),
(81, '12-1567', 2015, '', '', 1, '', 0, 0, '', '', 0, 0, '0', 0, 0, 0, '', 0, 0, '', '', 0, '', 0, 0, 0, 0, 0, 0, '', NULL, 0, '', '', 2, '', '2015-02-14', '2015-02-14', '0000-00-00', 0),
(82, '08-990', 2008, '', '', 1, '', 0, 0, '', '', 0, 0, '0', 0, 0, 0, '', 0, 0, '', '', 0, '', 0, 0, 0, 0, 0, 0, '', NULL, 0, '', '', 0, '', '2015-02-14', '2015-02-14', '0000-00-00', 0),
(83, '01-89909', 2001, '', '', 1, 'Female', 0, 0, '', '', 0, 0, '0', 0, 0, 0, '', 0, 0, '', '', 0, '', 0, 0, 0, 0, 0, 0, '', NULL, 0, '', '', 2, '', '2015-02-14', '2015-02-14', '0000-00-00', 0),
(84, '09-78654', 2009, '', '', 1, '', 0, 0, '', '', 0, 0, '0', 0, 0, 0, '', 0, 0, '', '', 0, '', 0, 0, 0, 0, 0, 0, '', NULL, 0, '', '', 4, '', '2015-02-14', '2015-02-14', '0000-00-00', 0),
(85, '2014-5149', 2014, '', 'St. Louis County ME', 23, 'Female', 21, 30, 'years', 'years', 1, 0, '0', 0, 0, 0, '', 62.91, 66.43, 'in', 'Female', 26, 'years', 0, 0, 1, 0, 0, 0, '', NULL, 66, 'in', 'Dental ID', 7, '', '2015-03-03', '2015-04-07', '2015-04-07', 1),
(86, '09-2003', 2003, '', 'N-RMEO', 24, 'Male', 23, 36, 'years', 'years', 0, 1, '0', 0, 0, 0, '', 0, 0, '', 'Male', 24, 'years', 0, 1, 0, 0, 0, 0, '', NULL, 0, '', 'Scientific identification', 5, '', '2015-03-24', '2015-03-25', '2015-03-24', 1),
(87, '2006 13', 2006, '', 'N-RMEO', 24, '', 18, 23, 'years', 'years', 0, 0, '0', 0, 0, 0, '', 0, 0, '', 'Male', 38, 'years', 0, 1, 0, 0, 0, 0, '', NULL, 0, '', '', 0, 'Fire, xrays for age', '2015-03-25', '2015-03-25', '2015-03-25', 1),
(88, '2006 14', 2006, '', 'N-RMEO', 24, 'Male', 35, 55, 'years', 'years', 0, 1, '0', 0, 0, 0, '', 66, 72, 'in', 'Male', 43, 'years', 0, 1, 0, 0, 0, 0, '', NULL, 0, '', '', 11, '', '2015-03-25', '2015-03-25', '2015-03-25', 1),
(89, '2009 06', 2009, '', 'N-RMEO', 24, 'Male', 40, 60, 'years', 'years', 0, 1, '0', 0, 0, 0, '', 59, 66, 'in', 'Male', 54, 'years', 0, 1, 0, 0, 0, 0, '', NULL, 0, '', '', 9, '', '2015-03-25', '2015-03-25', '2015-03-25', 1),
(90, '2009 12', 2009, '', 'N-RMEO', 24, '', 40, 60, 'years', 'years', 0, 0, '0', 0, 0, 0, '', 0, 0, '', 'Male', 54, 'years', 0, 1, 0, 0, 0, 0, '', NULL, 0, '', '', 2, 'Age estimation only', '2015-03-25', '2015-03-25', '2015-03-25', 1),
(91, '2010 08', 2010, '', 'N-RMEO', 24, 'Male', 19, 24, 'years', 'years', 0, 0, '0', 0, 1, 0, '', 61, 67, 'in', 'Male', 23, 'years', 0, 0, 0, 1, 0, 0, '', NULL, 0, '', '', 9, '', '2015-03-25', '2015-03-25', '2015-03-25', 1),
(92, '2010 09', 2010, '', 'N-RMEO', 24, 'Female', 38, 58, 'years', 'years', 0, 1, '0', 0, 0, 0, '', 58, 64, 'in', 'Female', 40, 'years', 0, 1, 0, 0, 0, 0, '', NULL, 0, '', '', 9, '', '2015-03-25', '2015-03-25', '2015-03-25', 1),
(93, '2010 11', 2010, '', 'N-RMEO', 24, 'Male', 65, 0, 'years', '', 0, 1, '0', 0, 0, 0, '', 66, 72, 'in', 'Male', 83, 'years', 0, 1, 0, 0, 0, 0, '', NULL, 0, '', '', 7, '', '2015-03-25', '2015-03-25', '2015-03-25', 1),
(94, '2010 12', 2010, '', 'N-RMEO', 24, 'Female', 40, 60, 'years', 'years', 0, 1, '0', 0, 0, 0, '', 66, 72, 'in', 'Female', 53, 'years', 0, 1, 0, 0, 0, 0, '', NULL, 0, '', '', 7, '', '2015-03-25', '2015-03-25', '2015-03-25', 1),
(95, '2011 02GH', 2011, 'QA check', 'N-RMEO', 24, 'Female', 25, 40, 'years', 'years', 0, 0, '0', 0, 1, 0, '', 0, 0, '', 'Female', 33, 'years', 0, 0, 0, 1, 0, 0, '', NULL, 63, 'in', '', 5, '', '2015-03-25', '2015-03-25', '2015-03-25', 1),
(96, '2011 02KP', 2011, 'QA check', 'N-RMEO', 24, 'Female', 30, 35, 'years', 'years', 0, 0, '0', 0, 1, 0, '', 59, 65, 'in', 'Female', 33, 'years', 0, 0, 0, 1, 0, 0, '', NULL, 63, 'in', '', 8, '', '2015-03-25', '2015-03-25', '2015-03-25', 1),
(97, '2011 08', 2011, '', 'N-RMEO', 24, 'Male', 50, 70, 'years', 'years', 1, 0, '0', 0, 0, 0, '', 67, 73, 'in', 'Male', 63, 'years', 0, 0, 1, 0, 0, 0, '', NULL, 0, '', '', 7, '', '2015-03-25', '2015-03-25', '2015-03-25', 1),
(98, '2012 28', 2012, '', 'N-RMEO', 24, 'Female', 45, 65, 'years', 'years', 0, 1, '0', 0, 0, 0, '', 0, 0, '', 'Female', 57, 'years', 0, 1, 0, 0, 0, 0, '', NULL, 0, '', '', 4, 'Age assessment only', '2015-03-25', '2015-03-25', '2015-03-25', 1),
(99, '2012 32', 2012, '', 'N-RMEO', 24, 'Male', 60, 80, 'years', 'years', 1, 0, '0', 0, 0, 0, '', 0, 0, '', 'Male', 76, 'years', 0, 0, 1, 0, 0, 0, '', NULL, 64, 'in', '', 7, 'Age and ancestry assessment requested', '2015-03-25', '2015-03-25', '2015-03-25', 1),
(100, '2013 80', 2013, '', 'N-RMEO', 24, 'Female', 60, 0, 'years', '', 1, 0, '0', 0, 0, 0, '', 59, 64, 'in', 'Female', 76, 'years', 0, 0, 1, 0, 0, 0, '', NULL, 0, '', '', 8, '', '2015-03-25', '2015-03-25', '2015-03-25', 1),
(101, '2004 05', 2004, '', 'N-RMEO', 24, 'Male', 45, 60, 'years', 'years', 0, 1, '0', 0, 0, 0, '', 0, 0, '', 'Male', 59, 'years', 0, 1, 0, 0, 0, 0, '', NULL, 0, '', '', 5, 'Age and ancestry assessment requested', '2015-03-25', '2015-03-25', '2015-03-25', 1),
(102, '2004 06', 2004, '', 'N-RMEO', 24, 'Male', 30, 40, 'years', 'years', 0, 0, '0', 0, 0, 1, 'Undetermined', 66, 71, 'in', 'Male', 33, 'years', 0, 0, 0, 0, 0, 1, 'Indian', NULL, 0, '', '', 9, '', '2015-03-25', '2015-03-25', '2015-03-25', 1),
(103, '2014.0017.02', 2010, '', 'NMHM', 13, 'Male', 45, 60, 'years', 'years', 1, 0, '0', 0, 0, 0, '', 68, 76, 'in', 'Male', 55, 'years', 0, 0, 1, 0, 0, 0, '', NULL, 0, '', 'Final autopsy report', 4, '', '2015-04-03', '2015-04-03', '2015-04-03', 1),
(104, '2014.0017.01', 2010, '', 'NMHM', 13, 'Female', 25, 39, 'years', 'years', 1, 0, '0', 0, 0, 0, '', 64, 70, 'in', 'Female', 29, 'years', 0, 0, 1, 0, 0, 0, '', NULL, 0, '', 'Final autopsy report', 3, '', '2015-04-03', '2015-04-03', '2015-04-03', 1),
(105, '2014-3362', 2014, '', 'St. Louis County ME', 23, 'Male', 28, 42, 'years', 'years', 0, 0, '0', 0, 0, 1, 'Admixed Asian / White', 67.65, 70.91, 'in', 'Female', 35, 'years', 0, 1, 0, 0, 0, 0, '', NULL, 70, 'in', 'Missouri sex offender registry', 12, '', '2015-04-07', '2015-04-07', '2015-04-08', 1),
(106, '2014-5097', 2014, '', 'St. Louis County ME', 23, 'Male', 44, 64, 'years', 'years', 0, 0, '0', 0, 1, 0, '', 64.2, 67.72, 'in', '', 0, '', 0, 0, 0, 0, 0, 0, '', NULL, 0, '', '', 11, 'Possible ID: 52 y/o Hispanic male missing since 2010. 67 inches in height. Source is friend of missing individual. Law enforcement currently trying to locate friend and family of possible missing person.', '2015-04-07', '2015-04-07', '0000-00-00', 0),
(107, '2014-3323', 2014, '', 'St. Louis County ME', 23, 'Male', 25, 60, 'years', 'years', 0, 0, '0', 0, 0, 1, 'White, likely', 0, 0, '', 'Male', 44, 'years', 0, 0, 0, 0, 0, 0, '', NULL, 71, 'in', 'DNA', 5, 'Mandible only. Possible association with positively identified decedent from same ME\'s office. Remains found in similar location to decedent who expired a few months prior from a fatal motorcycle accident. Injuries were extensive and not all skeletal elements recovered from the scene.', '2015-04-07', '2015-04-07', '2017-06-16', 1),
(108, '1994-2896', 1994, '', 'St. Louis County ME', 23, 'Male', 15, 18, 'years', 'years', 0, 0, '0', 0, 1, 0, '', 0, 0, '', '', 0, '', 0, 0, 0, 0, 0, 0, '', NULL, 0, '', '', 8, 'Remains resected by forensic anthropologist in 1994 post forensic pathological examination but no record of exam being completed. Resected remains still at ME\'s office.', '2015-04-07', '2015-04-07', '0000-00-00', 0),
(109, 'X0992881', 1982, '', 'UIUC', 1, 'Probable Female', 12, 22, 'years', 'years', 0, 0, '', 0, 0, 0, 'Unknown', 14, 28, '', 'Male', 22, 'years', 1, 0, 0, 0, 0, 1, 'Not sure', 'Vietnamese', 55, '', 'BOok', 3, 'Not much to say', '2016-01-10', '2016-02-21', '0000-00-00', 0),
(110, 'X008766', 1973, '', 'UIUC', 1, 'Indeterminate', 17, 25, 'years', 'years', 0, 0, '', 0, 0, 0, 'Unknown', 14, 90, '', 'Female', 15, 'years', 1, 0, 0, 1, 0, 0, '', 'Seems Asian with Hispanic Admixture', 55, '', 'Police', 1, '', '2016-02-21', '2016-02-21', '0000-00-00', 0),
(111, '16-000', 2016, '', '', 1, '', 0, 0, '', '', 0, 0, '', 0, 0, 0, '', 0, 0, '', '', 0, '', 0, 0, 0, 0, 0, 0, '', '', 0, '', '', 1, '', '2016-02-22', '2016-02-22', '0000-00-00', 0),
(112, '2000-01', 2000, '', '', 1, '', 0, 0, '', '', 0, 0, '', 0, 0, 0, '', 0, 0, '', '', 0, '', 0, 0, 0, 0, 0, 0, '', '', 0, '', '', 1, '', '2016-02-22', '2016-02-22', '0000-00-00', 0),
(113, '16-047', 2016, '', 'DFSG', 24, 'Male', 40, 65, 'years', 'years', 0, 0, '', 0, 0, 0, 'European', 66, 73, '', 'Male', 55, 'years', 0, 0, 1, 0, 0, 0, '', '', 67, '', 'Family', 9, '', '2016-10-14', '2016-10-14', '2016-10-14', 1),
(114, '15-23', 2015, '', 'NCSU', 32, 'Male', 23, 33, 'years', 'years', 0, 0, '', 0, 0, 0, 'Hispanic', 62, 68, '', 'Male', 31, 'years', 0, 0, 0, 1, 0, 0, '', 'Hispanic/Latino', 64, '', 'Missing persons data index page confirmation', 10, 'Sex estimation was done using FORDISC 3.1 and 3DID\r\nFORDISC: GTM, D2(18.7), Posterior (0.435), Typicality (0.816)\r\n3DID : SAM, D2(122.4415, Posterior(0.6145), Typicality (0.5943)\r\n\r\nANCESTRY was also estimated using 3DID.', '2016-11-01', '2016-11-01', '2016-11-01', 1),
(115, 'XDHHH', 1943, '', '', 1, '', 0, 0, '', '', 0, 0, '', 0, 0, 0, '', 6, 0, '', '', 0, '', 0, 0, 0, 0, 0, 0, '', '', 6, '', '', 0, '', '2016-11-01', '2016-11-01', '0000-00-00', 0),
(116, '10-03', 2010, '', 'ncsu', 32, 'Female', 69, 100, 'years', 'years', 0, 0, '', 0, 0, 0, 'african american', 0, 0, '', 'Female', 94, 'years', 0, 0, 1, 0, 0, 0, '', 'based on photo evidence', 0, '', '', 3, '', '2016-11-01', '2016-11-01', '2016-11-01', 1),
(117, '13-6', 2013, '', 'ncsu', 32, 'Male', 27, 66, 'years', 'years', 0, 0, '', 0, 0, 0, 'european', 0, 0, '', 'Male', 48, 'years', 0, 0, 1, 0, 0, 0, '', '', 0, '', '', 4, '', '2016-11-01', '2016-11-01', '2016-11-01', 1),
(118, '13-11', 2013, '', 'ncsu', 32, 'Male', 50, 58, 'years', 'years', 0, 0, '', 0, 0, 0, 'African American/ circumcaribbean', 0, 0, '', 'Male', 31, 'years', 0, 1, 0, 0, 0, 0, '', '', 0, '', '', 2, '3DID was also used for ancestry and estimated Circumcaribbean \r\nPrince and Ubelaker (2002) (dental) was used for aging', '2016-11-01', '2016-11-01', '2016-11-01', 1),
(119, '123', 2016, '', 'ncsu', 32, 'Female', 1, 2, 'years', 'years', 0, 0, '', 0, 0, 0, 'white', 0, 0, '', 'Female', 1, 'years', 0, 0, 1, 0, 0, 0, '', '', 0, '', '', 0, '', '2016-11-01', '2016-11-01', '0000-00-00', 0),
(120, '1166', 2013, '', 'Champaign', 4, 'Female', 21, 29, 'years', 'years', 0, 0, '', 0, 0, 0, 'primarily european, with possibly some minimal Asian/Native American ancestral contributions', 63.8, 67.8, '', 'Female', 23, 'years', 0, 0, 1, 0, 0, 0, '', '', 67, '', 'death investigation', 10, 'non-metric cranial traits had some Asian/Nat Am features, but mainly European consistent traits, and  Fordisc classified as white.\r\n\r\nstature estimated using femur, tibia and humerus prediction equation\r\n\r\ntwo additional aging methods- Passalacqua 2009 for sacrum and clavicle fusion Langley-Shirley and Jantz 2010\r\n\r\nthis was a homicide case and found in a dried up river bed', '2017-02-07', '2017-03-08', '2017-02-07', 1),
(121, '16-608', 2016, '', 'Macoupin County Coroner', 23, 'Male', 25, 40, 'years', 'years', 0, 0, '', 0, 0, 0, 'Indeterminate', 0, 0, '', 'Male', 25, 'years', 0, 1, 0, 0, 0, 0, '', '', 0, '', 'DNA', 7, 'Decedent had malformation of nasal bones and morphoscopic traits consistent with multiple ancestral groups. Statistical results weak so ancestry indeterminate. Decedent positively identified as Black male with developmental disorder.', '2017-06-16', '2017-06-16', '2017-06-16', 1),
(122, '16-6679', 2016, '', 'Jefferson County MEO', 23, 'Male', 45, 60, 'years', 'years', 0, 0, '', 0, 0, 0, 'White', 68, 74.6, '', 'Male', 52, 'years', 0, 0, 1, 0, 0, 0, '', '', 0, '', 'Radiographic comparison', 9, '', '2017-06-16', '2017-06-16', '2017-06-16', 1),
(123, '16-7487', 2016, '', 'St. Louis County MEO', 23, 'Female', 45, 60, 'years', 'years', 0, 0, '', 0, 0, 0, 'White', 59.7, 66.4, '', 'Female', 52, 'years', 0, 0, 1, 0, 0, 0, '', '', 62, '', 'Radiographic comparison', 7, '', '2017-06-16', '2017-06-16', '2017-06-16', 1),
(124, '17-0973', 2017, '', 'St. Louis County MEO', 23, 'Female', 18, 30, 'years', 'years', 0, 0, '', 0, 0, 0, 'African American', 58.1, 65.7, '', 'Female', 25, 'years', 0, 1, 0, 0, 0, 0, '', '', 59, '', 'DNA', 7, '', '2017-06-16', '2017-06-16', '0000-00-00', 0),
(125, '17-1566', 2017, '', 'Franklin County MEO', 23, 'Male', 45, 60, 'years', 'years', 0, 0, '', 0, 0, 0, 'White', 63.9, 70.5, '', 'Male', 53, 'years', 0, 0, 1, 0, 0, 0, '', '', 67, '', 'Radiographic comparison', 8, '', '2017-06-16', '2017-06-16', '2017-06-16', 1),
(126, '17-2306', 2017, '', 'Howell County Coroner', 23, 'Female', 20, 30, 'years', 'years', 0, 0, '', 0, 0, 0, 'Indeterminate', 62.2, 68.7, '', 'Female', 25, 'years', 0, 0, 1, 0, 0, 0, '', '', 65, '', 'DNA', 6, 'Ancestry was indeterminate due to extensive cranial trauma', '2017-06-16', '2017-06-16', '2017-06-16', 1),
(127, '17-2754', 2017, '', 'St. Louis County MEO', 23, 'Female', 40, 60, 'years', 'years', 0, 0, '', 0, 0, 0, 'African American', 0, 0, '', 'Female', 50, 'years', 0, 1, 0, 0, 0, 0, '', '', 65, '', 'Radiographic comparison', 5, 'Remains recovered in outdoor context. Incomplete recovery and extensive carnivore scavenging precluded a more narrow age estimate and stature estimate', '2017-06-16', '2017-06-16', '2017-06-16', 1),
(128, '001', 2015, '', '', 40, 'Male', 20, 30, 'years', 'years', 0, 0, '', 0, 0, 0, '', 67.6, 75.5, '', 'Male', 23, 'years', 0, 0, 1, 0, 0, 0, '', '', 75, '', 'Submitting agency/DL', 9, 'Mostly skeletonized, minimal scavenging. Found in muddy pit located in a wooded area. PMI~4mos\r\n\r\nDental ID', '2017-07-01', '2017-07-01', '2017-07-02', 1),
(129, '002', 2016, '', '', 40, 'Male', 30, 45, 'years', 'years', 0, 0, '', 0, 0, 0, '', 65.5, 74, '', 'Male', 41, 'years', 0, 0, 1, 0, 0, 0, '', '', 0, '', 'Submitting agency', 8, 'Remains found near creek, rural area. Advanced decomp with significant amount of fibrous tissue, moderate odor. Extensive scavenging. PMI~1mo.\r\n\r\nDental ID', '2017-07-01', '2017-07-01', '2017-07-02', 1),
(130, '003', 2013, '', '', 40, 'Male', 40, 60, 'years', 'years', 0, 0, '', 0, 0, 0, '', 67, 72, '', 'Male', 54, 'years', 0, 0, 1, 0, 0, 0, '', '', 0, '', '', 9, 'Advanced decomp, mummified. Found dead in shed on an undeveloped lot. PMI~3mos\r\n\r\nAnatomical ID', '2017-07-01', '2017-07-01', '2017-07-02', 1),
(131, '004', 2013, '', '', 40, 'Male', 40, 65, 'years', 'years', 0, 0, '', 0, 0, 0, '', 66.6, 74.7, '', 'Male', 50, 'years', 0, 0, 1, 0, 0, 0, '', '', 77, '', 'NamUs MP', 9, 'Remains found in brushy area. Advanced decomp, fibrous tissue present, greasy odor, moderate scavenging. PMI~5mos.\r\n\r\nAnatomical ID', '2017-07-01', '2017-07-01', '2017-07-02', 1),
(132, '005', 2011, '', '', 40, 'Male', 18, 25, 'years', 'years', 0, 0, '', 0, 0, 0, '', 62.9, 70.6, '', 'Male', 20, 'years', 0, 0, 0, 1, 0, 0, '', '', 0, '', 'Submitting agency', 9, 'Non-scavenged remains found on ranch. Some associated connective tissue, greasy odor.\r\n\r\nAnatomical ID', '2017-07-01', '2017-07-01', '2017-07-02', 1),
(133, '006', 2013, '', '', 40, 'Male', 25, 55, 'years', 'years', 0, 0, '', 0, 0, 0, '', 0, 0, '', 'Male', 31, 'years', 0, 1, 0, 0, 0, 0, '', '', 0, '', 'Submitting agency', 7, 'Assoc. case 007. Heavily scavenged remains, recovered from wooded area. No remaining tissue, no odor. PMI~1.5yr\r\n\r\nDental ID', '2017-07-02', '2017-07-02', '2017-07-02', 1),
(134, '007', 2013, '', '', 40, 'Female', 0, 0, 'years', 'years', 0, 0, '', 0, 0, 0, '\"Black\"', 0, 0, '', 'Female', 79, 'years', 0, 1, 0, 0, 0, 0, '', '', 0, '', '', 6, 'Assoc. case 006. Heavily scavenged remains, recovered from wooded area. No remaining tissue, no odor. PMI~1.5yr\r\n\r\nDescriptive age of \"adult of middle to later years,\" broad estimate 35-70+ years, highest likelihood in the upper end of the range.\r\n\r\nDental ID', '2017-07-02', '2017-07-02', '2017-07-02', 1),
(135, '008', 2016, '', '', 40, 'Male', 40, 60, 'years', 'years', 0, 0, '', 0, 0, 0, '', 66.8, 74.6, '', 'Male', 51, 'years', 0, 0, 1, 0, 0, 0, '', '', 72, '', 'NamUs MP', 9, 'Scattered remains found in wooded area. Bleached. Remnants of connective tissue present, faint odor. Moderate scavenging. PMI~4yr\r\n\r\nAnatomical ID', '2017-07-02', '2017-07-02', '2017-07-02', 1),
(136, '02-07', 2002, '', 'Humboldt', 41, 'Female', 18, 24, 'years', 'years', 0, 0, '', 0, 0, 0, 'European American', 0, 0, '', 'Female', 27, 'years', 0, 0, 1, 0, 0, 0, '', 'European American', 0, '', '', 0, '', '2017-07-03', '2017-07-05', '2017-07-12', 1),
(137, '02-16', 2002, '', 'Humboldt', 41, 'Female', 15, 22, 'years', 'years', 0, 0, '', 0, 0, 0, 'European American, possible Asian/Native American admixture', 0, 0, '', 'Female', 21, 'years', 0, 0, 0, 0, 0, 0, '', '', 0, '', '', 0, '', '2017-07-03', '2017-07-05', '2017-07-12', 1),
(138, '16-06', 2016, '', 'Kings', 41, 'Female', 40, 50, 'years', 'years', 0, 0, '', 0, 0, 0, 'European American, possible Hispanic', 58, 66, '', 'Female', 43, 'years', 0, 0, 1, 0, 0, 0, '', 'European American', 0, '', '', 0, '', '2017-07-03', '2017-07-05', '2017-07-12', 1),
(139, '15-01', 2015, '', 'Lake', 41, 'Male', 20, 40, 'years', 'years', 0, 0, '', 0, 0, 0, 'Hispanic', 0, 0, '', 'Male', 36, 'years', 0, 0, 0, 1, 0, 0, '', '', 0, '', '', 0, '', '2017-07-03', '2017-07-05', '2017-07-12', 1),
(140, '12-07', 2012, '', 'Mariposa', 41, 'Male', 35, 55, 'years', 'years', 0, 0, '', 0, 0, 0, 'European American', 62, 69, '', 'Male', 44, 'years', 0, 0, 0, 0, 0, 0, '', '', 0, '', '', 0, '', '2017-07-03', '2017-07-05', '2017-07-12', 1),
(141, '98-02', 1998, '', 'Monterey', 41, 'Male', 16, 19, 'years', 'years', 0, 0, '', 0, 0, 0, 'European American', 77.4, 80.9, '', 'Male', 16, 'years', 0, 0, 1, 0, 0, 0, '', 'European American', 0, '', '', 0, '', '2017-07-03', '2017-07-05', '2017-07-12', 1),
(142, '01-12', 2001, '', 'San Luis Obispo', 41, 'Female', 60, 0, 'years', '', 0, 0, '', 0, 0, 0, 'European American', 65, 69.5, '', 'Female', 93, 'years', 0, 0, 0, 0, 0, 0, '', '', 0, '', '', 0, '60+ years for age estimation', '2017-07-03', '2017-07-05', '2017-07-12', 1),
(143, '93-03', 1993, '', 'Santa Cruz', 41, 'Male', 35, 50, 'years', 'years', 0, 0, '', 0, 0, 0, 'European American', 66.1, 69, '', 'Male', 39, 'years', 0, 0, 0, 0, 0, 0, '', '', 0, '', '', 0, '', '2017-07-03', '2017-07-05', '2017-07-12', 1),
(144, '93-04', 1993, '', 'Santa Cruz', 41, 'Female', 50, 0, 'years', '', 0, 0, '', 0, 0, 0, 'European American', 61.7, 65.5, '', 'Female', 74, 'years', 0, 0, 0, 0, 0, 0, '', '', 0, '', '', 0, '50+ years for FA age estimation', '2017-07-03', '2017-07-05', '2017-07-12', 1),
(145, '01-05', 2001, '', 'Stanislaus', 41, 'Male', 30, 50, 'years', 'years', 0, 0, '', 0, 0, 0, 'European American', 0, 0, '', 'Male', 41, 'years', 0, 0, 0, 1, 0, 0, '', '', 0, '', '', 0, '', '2017-07-03', '2017-07-05', '2017-07-12', 1),
(146, '009', 2012, '', '', 40, 'Male', 18, 25, 'years', 'years', 0, 0, '', 0, 0, 0, '', 0, 0, '', 'Male', 22, 'years', 0, 1, 0, 0, 0, 0, '', '', 0, '', 'Media report', 9, 'Extensively scavenged skeletal remains found in wooded area. PMI 1-2yr.\r\n\r\nDNA ID.', '2017-07-03', '2017-07-03', '2017-07-03', 1),
(147, '010', 2012, '', '', 40, 'Male', 40, 55, 'years', 'years', 0, 0, '', 0, 0, 0, 'Indeterminate', 65.9, 74.1, '', 'Male', 46, 'years', 0, 0, 1, 0, 0, 0, '', '', 72, '', 'Submitting agency', 6, 'Partially burned skeletal remains recovered from a clandestine burial under a trash pile. Cranium was fragmentary. Fordisc \"Any\" group selected for stature. PMI 2yr 8mos.\r\n\r\nDNA ID.', '2017-07-03', '2017-07-03', '2017-07-03', 1),
(148, '011', 2013, '', '', 40, 'Male', 45, 60, 'years', 'years', 0, 0, '', 0, 0, 0, 'likely \"White\"', 67.3, 75.2, '', 'Male', 56, 'years', 0, 0, 1, 0, 0, 0, '', '', 72, '', 'Submitting agency', 10, 'Mostly skeletonized/partially bleached remains with some desiccated fibrous tissue and mummified integument. Minor scavenging noted. Found under a rock outcropping. PMI 4-5 yrs.\r\n\r\nDNA ID.', '2017-07-03', '2017-07-03', '2017-07-03', 1),
(149, '012', 2016, '', '', 40, 'Male', 25, 35, 'years', 'years', 0, 0, '', 0, 0, 0, 'Indeterminate', 67.2, 75.3, '', 'Male', 28, 'years', 0, 0, 0, 1, 0, 0, '', '', 70, '', 'NamUs MP (reported stature', 6, 'Mostly skeletonized remains with some desiccated integument. Remains are slightly weathered but still somewhat greasy. Cranium fragmented. Minor scavenging. Found under tree on a ranch. Stature calculated using the Fordisc \"Any\" group. PMI ~3yr\r\n\r\nDNA ID', '2017-07-03', '2017-07-03', '2017-07-03', 1),
(150, '013', 2016, '', '', 40, 'Male', 25, 35, 'years', 'years', 0, 0, '', 0, 0, 0, '', 61.7, 66.4, '', 'Male', 27, 'years', 0, 0, 0, 1, 0, 0, '', 'Guatemalan origin', 0, '', 'Submitting agency', 11, 'Partially mummified remains found scattered on ranch.\r\n\r\nDNA ID', '2017-07-03', '2017-07-03', '2017-07-03', 1),
(151, '014', 2012, '', '', 40, 'Male', 40, 55, 'years', 'years', 0, 0, '', 0, 0, 0, '\"Hispanic\"', 63.5, 68.6, '', 'Male', 44, 'years', 0, 0, 0, 1, 0, 0, '', '', 65, '', 'DL', 10, 'Mummified remains found in an abandoned garage. Greasy decompositional odor. Extensive rodent scavenging. PMI ~4.5yr\r\n\r\nDNA ID', '2017-07-03', '2017-07-03', '2017-07-03', 1),
(152, '015', 2016, '', '', 40, 'Female', 25, 40, 'years', 'years', 0, 0, '', 0, 0, 0, '\"Black\"', 68.2, 77.5, '', 'Female', 35, 'years', 0, 1, 0, 0, 0, 0, '', '', 69, '', 'Submitting agency', 10, 'Mummified/partially skeletonized remains found in creek bed. PMI 1y 3mo.\r\n\r\nFingerprint ID.', '2017-07-03', '2017-07-03', '2017-07-03', 1),
(153, '16-018', 1998, '', 'DFSG', 24, 'Male', 27, 66, 'years', 'years', 0, 0, '', 0, 0, 0, 'European', 71.5, 0, '', 'Male', 43, 'years', 0, 0, 1, 0, 0, 0, '', '', 0, '', 'Positive ID via fingerprints', 7, 'Anthropology assessment performed after exhumation by W.Rodriguez.', '2017-07-05', '2017-07-05', '2017-08-02', 1),
(154, '1615547', 2016, '', 'Tarrant County', 37, 'Male', 16, 21, 'years', 'years', 0, 0, '', 0, 0, 0, 'White', 0, 0, '', 'Male', 21, 'years', 0, 0, 1, 0, 0, 0, '', '', 70, '', 'CLEAR law enforcement database', 8, 'PD had tentative ID, positively identified by dental comparison', '2017-07-12', '2017-07-24', '2017-07-24', 1),
(155, '1602004', 2016, '', 'Tarrant County', 37, 'Male', 0, 0, '', '', 0, 0, '', 0, 0, 0, 'White', 0, 0, '', 'Male', 57, 'years', 0, 0, 1, 0, 0, 0, '', '', 71, '', 'CLEAR law enforcement database', 4, 'Tentative ID found in pocket (driver\'s license and social security card), positively identified through familial DNA comparison', '2017-07-12', '2017-07-13', '2017-07-13', 1),
(156, '1602947', 2016, '', 'Tarrant County', 37, 'Female', 39, 91, 'years', 'years', 0, 0, '', 0, 0, 0, 'White', 0, 0, '', 'Female', 56, 'years', 0, 0, 1, 0, 0, 0, '', '', 0, '', 'CLEAR law enforcement database', 4, 'Tentative ID from ownership of vehicle towed from area in which remains were found, positively identified through mitochondrial DNA comparison', '2017-07-12', '2017-07-13', '2017-07-13', 1),
(157, '1609291', 2016, '', 'Tarrant County', 37, 'Female', 18, 27, 'years', 'years', 0, 0, '', 0, 0, 0, 'Hispanic', 0, 0, '', 'Female', 25, 'years', 0, 0, 1, 1, 0, 0, '', '', 64, '', 'CLEAR law enforcement database', 4, 'Positively identified by dental comparison to NAMUS profile', '2017-07-12', '2017-07-24', '2017-07-24', 1),
(158, '1609488', 2016, '', 'Tarrant County', 37, 'Female', 0, 0, '', '', 0, 0, '', 0, 0, 0, 'Undetermined', 0, 0, '', 'Female', 41, 'years', 1, 0, 1, 0, 0, 0, '', 'Asian mother, White father', 69, '', 'CLEAR law enforcement database, detective assigned to case', 2, 'Tentative ID from Justice of the Peace, positively identified through familial DNA comparison', '2017-07-12', '2017-07-13', '2017-07-13', 1),
(159, '1618463', 2016, '', 'Tarrant County', 37, 'Male', 0, 0, '', '', 0, 0, '', 0, 0, 0, 'African', 0, 0, '', 'Male', 59, 'years', 0, 1, 0, 0, 0, 0, '', '', 57, '', 'PD missing person report', 2, 'Positively identified through radiographic comparison to antemortem records including surgical hardware', '2017-07-12', '2017-07-13', '2017-07-13', 1),
(160, '1703771', 2017, '', 'Tarrant County', 37, 'Male', 0, 0, '', '', 0, 0, '', 0, 0, 0, '', 0, 0, '', 'Male', 0, '', 0, 0, 0, 0, 0, 0, '', '', 0, '', 'James Dean Huff', 0, 'Tentative ID from suicide note in pocket, positive identification confirmed by dental comparison', '2017-07-12', '2017-07-13', '0000-00-00', -1),
(161, '1619270', 2016, '', 'Tarrant County', 37, '', 18, 26, 'years', 'years', 0, 0, '', 0, 0, 0, '', 0, 0, '', 'Male', 21, 'years', 0, 0, 0, 1, 0, 0, '', '', 68, '', '', 3, 'Fully fleshed body--anthropological analysis consisted only of age estimation', '2017-07-13', '2017-07-13', '2017-07-13', 1),
(162, 'ML14-4281', 2014, '', 'HCIFS', 43, 'Female', 18, 25, 'years', 'years', 0, 0, '', 0, 0, 0, 'White/European', 60, 66.3, '', 'Female', 23, 'years', 0, 0, 1, 0, 0, 0, '', '', 0, '', 'CODIS', 11, 'The analyst submitted DNA samples to UNT for CODIS as a part of the biological profile exam. Once the DNA was reported out, a strong DNA association was made through CODIS.', '2017-07-19', '2017-07-19', '2017-07-21', 1),
(163, 'ML15-0187', 2015, '', 'HCIFS', 43, 'Male', 0, 0, '', '', 0, 0, '', 0, 0, 0, 'Indeterminate', 66.2, 73.7, '', 'Male', 59, 'years', 0, 0, 0, 0, 0, 0, '', '', 0, '', 'HCIFS Forensic Genetics', 3, 'The analyst was able to estimate the age of the decedent as \"adult\" from the skeletal remains based on epiphyseal fusion. An age range was not provided. Due to the consistency in discovery location and biological profile of a case from 2013, an in-house DNA comparison was requested and the remains were determined to be associated with case ML13-2807.', '2017-07-19', '2017-07-20', '2017-07-21', 1),
(164, 'ML15-0394', 2015, '', 'HCIFS', 43, 'Male', 55, 70, 'years', 'years', 0, 0, '', 0, 0, 0, 'White/European', 65.6, 72.2, '', 'Male', 68, 'years', 0, 0, 1, 0, 0, 0, '', '', 0, '', 'HCIFS Forensic Genetics', 12, 'DNA ID made in-house after comparison to a family reference sample provided by the decedent\'s brother.', '2017-07-19', '2017-07-21', '2017-07-21', 1),
(165, 'ML15-2434', 2015, '', 'HCIFS', 43, 'Male', 45, 65, 'years', 'years', 0, 0, '', 0, 0, 0, 'White/European', 65.4, 73.2, '', '', 0, '', 0, 0, 0, 0, 0, 0, '', '', 0, '', '', 11, 'The case was entered into NCIC and NamUs. The analyst sent DNA samples to UNT for analysis and upload into CODIS.', '2017-07-19', '2017-07-19', '0000-00-00', -1),
(166, 'ML15-2633', 2015, '', 'HCIFS', 43, 'Male', 0, 0, '', '', 0, 0, '', 0, 0, 0, '', 65, 75, '', 'Male', 24, 'years', 0, 1, 0, 0, 0, 0, '', '', 0, '', 'Circumstantial and Biological Profile ID', 2, 'No reportable DNA profile was able to be extracted from the charred remains. The analyst was able to estimate the age of the decedent as \"adult\" from the skeletal remains based on epiphyseal fusion. An age range was not provided. Sex was estimated using the postcranial function in FORDISC.', '2017-07-19', '2017-07-20', '2017-07-21', 1),
(167, 'ML15-2645', 2015, '', 'HCIFS', 43, 'Male', 30, 45, 'years', 'years', 0, 0, '', 0, 0, 0, 'Black/African', 64.4, 70.2, '', 'Male', 39, 'years', 0, 1, 0, 0, 0, 0, '', '', 0, '', 'HCIFS Forensic Genetics', 13, 'Identified through in-house DNA profile comparison with Family Reference Sample.', '2017-07-19', '2017-07-19', '2017-07-21', 1),
(168, 'ML15-2948', 2015, '', 'HCIFS', 43, 'Female', 30, 50, 'years', 'years', 0, 0, '', 0, 0, 0, 'Hispanic', 55.3, 61.9, '', 'Female', 25, 'years', 0, 0, 0, 1, 0, 0, '', '', 0, '', 'CODIS', 11, 'The age was overestimated due to a pathological condition in the sacral-iliac joints. The analyst submitted DNA samples to UNT for CODIS as a part of the biological profile exam. Once the DNA was reported out, a strong DNA association was made through CODIS.', '2017-07-19', '2017-07-21', '2017-07-21', 1),
(169, 'ML15-2706', 2015, '', 'HCIFS', 43, 'Female', 35, 50, 'years', 'years', 0, 0, '', 0, 0, 0, 'Black/African', 0, 0, '', 'Female', 51, 'years', 0, 1, 0, 0, 0, 0, '', '', 0, '', 'Harris County Sheriff\'s Office', 6, 'Age, sex, and race estimation only was requested from the anthropologist. Identification made through fingerprint comparison.', '2017-07-19', '2017-07-21', '2017-07-21', 1),
(170, 'ML15-3380', 2015, '', 'HCIFS', 43, '', 40, 60, 'years', 'years', 0, 0, '', 0, 0, 0, '', 0, 0, '', 'Male', 57, 'years', 0, 0, 1, 0, 0, 0, '', '', 0, '', 'Skeletal Radiology', 3, 'Analyst submitted DNA samples to UNT for CODIS. ID was made based on skeletal radiology prior to the completion of the DNA testing.', '2017-07-19', '2017-07-20', '2017-07-21', 1),
(171, 'ML15-3662', 2015, '', 'HCIFS', 43, 'Female', 30, 50, 'years', 'years', 0, 0, '', 0, 0, 0, 'White/European', 59.5, 66, '', 'Female', 46, 'years', 0, 0, 1, 0, 0, 0, '', '', 0, '', 'CODIS and Houston Police Department', 9, 'The analyst submitted DNA samples to UNT for CODIS as a part of the biological profile exam and the decedent\'s profile was entered into NamUs. Decedent was identified through DNA comparison to an offender sample.', '2017-07-19', '2017-07-21', '2017-07-21', 1),
(172, 'ML15-3703', 2015, '', 'HCIFS', 43, 'Male', 24, 35, 'years', 'years', 0, 0, '', 0, 0, 0, 'Black/African American', 66, 72.2, '', 'Male', 31, 'years', 0, 1, 0, 0, 0, 0, '', '', 0, '', 'HCIFS Forensic Genetics', 9, 'Positive identification made through DNA comparison with family reference sample.', '2017-07-19', '2017-07-21', '2017-07-21', 1),
(173, 'ML15-3893', 2015, '', 'HCIFS', 43, 'Male', 40, 60, 'years', 'years', 0, 0, '', 0, 0, 0, 'White/European', 62.6, 72.2, '', 'Male', 56, 'years', 0, 0, 1, 0, 0, 0, '', '', 0, '', 'Medical Records', 12, 'Positive ID made through skeletal radiography.', '2017-07-19', '2017-07-21', '2017-07-21', 1),
(174, 'ML15-4671', 2015, '', 'HCIFS', 43, '', 0, 0, '', '', 0, 0, '', 0, 0, 0, '', 0, 0, '', 'Male', 43, 'years', 0, 0, 1, 0, 0, 0, '', '', 0, '', '', 0, 'Individual was positively identified through dental comparison prior to the anthropological examination.', '2017-07-19', '2017-07-20', '0000-00-00', -1),
(175, 'ML16-0658', 2016, '', 'HCIFS', 43, '', 0, 0, '', '', 0, 0, '', 0, 0, 0, '', 0, 0, '', 'Male', 73, 'years', 0, 1, 0, 0, 0, 0, '', '', 0, '', '', 0, 'The decedent was positively identified by fingerprint comparison prior to the anthropological examination.', '2017-07-19', '2017-07-19', '0000-00-00', -1),
(176, 'ML16-1014', 2016, '', 'HCIFS', 43, 'Female', 13, 14, 'years', 'years', 0, 0, '', 0, 0, 0, 'Hispanic', 0, 0, '', 'Female', 14, 'years', 0, 0, 0, 1, 0, 0, '', '', 63.5, '', '', 3, '', '2017-07-19', '2017-07-19', '0000-00-00', -1),
(177, 'ML16-1041', 2016, '', 'HCIFS', 43, 'Female', 15, 20, 'years', 'years', 0, 0, '', 0, 0, 0, 'White/European', 62.5, 68.8, '', 'Female', 17, 'years', 0, 0, 1, 0, 0, 0, '', '', 0, '', 'CODIS', 5, 'The analyst submitted DNA samples to UNT for CODIS as a part of the biological profile exam. Once the DNA was reported out, a strong DNA association was made through CODIS.', '2017-07-19', '2017-07-21', '2017-07-21', 1),
(178, 'ML16-1045', 2016, '', 'HCIFS', 43, 'Male', 30, 45, 'years', 'years', 0, 0, '', 0, 0, 0, 'Hispanic', 0, 0, '', 'Male', 40, 'years', 0, 0, 0, 1, 0, 0, '', '', 64, '', '', 4, 'Only age estimation and dental charting were requested as part of anthropological examination; other biological profile components were ascertained at autopsy. The analyst submitted DNA samples to UNT for CODIS as a part of the biological profile exam, and the case was entered into NamUs. Visual ID was made by the decedent\'s sister.', '2017-07-19', '2017-07-20', '2017-07-21', 1),
(179, 'ML82-4029', 2013, '', 'HCIFS', 43, 'Female', 14, 17, 'years', 'years', 0, 0, '', 0, 0, 0, 'White/European', 61.2, 65.1, '', 'Female', 15, 'years', 0, 0, 1, 0, 0, 0, '', '', 62, '', 'CODIS', 4, 'Exhumation of a cold case originally from 1982. Anthropology examination was conducted in 2013. Age estimation was based on epiphyseal fusion (Scheuer and Black 2004) and dental development. Samples were sent to UNT for DNA and CODIS.', '2017-07-20', '2017-07-20', '2017-07-21', 1),
(180, 'PA90-0427', 2016, '', 'HCIFS', 43, 'Male', 30, 40, 'years', 'years', 0, 0, '', 0, 0, 0, 'White or Hispanic', 63.3, 69.8, '', 'Male', 35, 'years', 0, 0, 0, 1, 0, 0, '', 'Family is Hispanic but have some morphoscopic features suggesting White/European ancestry', 0, '', 'CODIS', 1, 'Stature estimation complicated by pelvic/lower extremity fractures and healed surgical scars. Family reported that MP was approx. 5\'7\". Cold case originally from 1990, remains were exhumed and anthropological examination took place in 2016. Samples sent to UNT for DNA and CODIS. Positive ID made through DNA comparison.', '2017-07-20', '2017-07-21', '2017-07-21', 1),
(181, '17-004', 2017, '', 'DFSG', 24, 'Female', 30, 50, 'years', 'years', 0, 0, '', 0, 0, 0, 'Admixture: african and asian', 61, 66, '', 'Female', 40, 'years', 0, 1, 0, 0, 0, 0, '', '', 65, '', 'Next of kin', 10, '', '2017-08-02', '2017-08-02', '2017-08-02', 1),
(182, '00938', 2010, '', 'NYCOCME', 30, 'Male', 56, 99, 'years', 'years', 0, 0, '', 0, 0, 0, 'Black', 0, 0, '', 'Male', 60, 'years', 0, 1, 0, 0, 0, 0, '', '', 0, '', '', 2, '', '2017-11-16', '2017-11-17', '2017-11-27', 1),
(183, '03587', 2010, '', 'NYCOCME', 30, 'Male', 56, 99, 'years', 'years', 0, 0, '', 0, 0, 0, 'Asian', 0, 0, '', 'Male', 72, 'years', 1, 0, 0, 0, 0, 0, '', '', 0, '', '', 3, '', '2017-11-16', '2017-11-16', '2017-11-27', 1),
(184, '04159', 1998, '', 'NYCOCME', 30, 'Female', 16, 25, 'years', 'years', 0, 0, '', 0, 0, 0, 'Black', 61.3, 68.4, '', 'Female', 21, 'years', 0, 1, 0, 0, 0, 0, '', '', 0, '', '', 7, '', '2017-11-16', '2017-11-17', '2017-11-27', 1),
(185, '06493', 1991, '', 'NYCOCME', 30, 'Male', 17, 25, 'years', 'years', 0, 0, '', 0, 0, 0, 'White', 72.1, 78.7, '', 'Male', 20, 'years', 0, 0, 1, 0, 0, 0, '', '', 77, '', '', 2, '', '2017-11-16', '2017-11-16', '2017-11-27', 1),
(186, '03003', 1989, '', 'NYCOCME', 30, 'Male', 17, 23, 'years', 'years', 0, 0, '', 0, 0, 0, 'Other', 70.2, 76.2, '', 'Male', 21, 'years', 0, 1, 0, 0, 0, 0, '', '', 73, '', '', 5, '', '2017-11-16', '2017-11-17', '2017-11-27', 1),
(187, '01227', 2003, '', 'NYCOCME', 30, 'Female', 19, 24, 'years', 'years', 0, 0, '', 0, 0, 0, 'Black', 63.2, 69.4, '', 'Female', 21, 'years', 0, 1, 0, 0, 0, 0, '', '', 0, '', '', 5, '', '2017-11-16', '2017-11-17', '2017-11-27', 1),
(188, '01750', 2005, '', 'NYCOCME', 30, 'Male', 28, 38, 'years', 'years', 0, 0, '', 0, 0, 0, 'White', 70, 0, '', 'Male', 34, 'years', 0, 0, 1, 0, 0, 0, '', '', 70, '', '', 5, '', '2017-11-16', '2017-11-17', '2017-11-27', 1),
(189, '01722', 2006, '', 'NYCOCME', 30, 'Female', 45, 60, 'years', 'years', 0, 0, '', 0, 0, 0, 'Other', 64, 0, '', 'Female', 46, 'years', 0, 0, 1, 0, 0, 0, '', '', 0, '', '', 5, '', '2017-11-16', '2017-11-17', '2017-11-27', 1),
(190, '04317', 2004, '', 'NYCOCME', 30, 'Male', 40, 50, 'years', 'years', 0, 0, '', 0, 0, 0, 'White', 66.9, 72.9, '', 'Male', 49, 'years', 0, 0, 1, 0, 0, 0, '', '', 70, '', '', 5, '', '2017-11-16', '2017-11-17', '2017-11-27', 1),
(191, '03445', 2014, '', 'NYCOCME', 30, 'Female', 55, 100, 'years', 'years', 0, 0, '', 0, 0, 0, 'White', 58, 0, '', 'Female', 61, 'years', 0, 0, 1, 0, 0, 0, '', '', 0, '', '', 11, '', '2017-11-16', '2017-11-17', '2017-11-27', 1),
(192, '00014A', 2013, '', 'NYCOCME', 30, 'Female', 55, 99, 'years', 'years', 0, 0, '', 0, 0, 0, 'Asian', 55.7, 62.5, '', 'Female', 0, '', 1, 0, 0, 0, 0, 0, '', '', 0, '', '', 14, '', '2017-11-16', '2017-11-17', '2017-11-27', 1),
(193, '05990', 2012, '', 'NYCOCME', 30, 'Female', 14, 19, 'years', 'years', 0, 0, '', 0, 0, 0, 'White', 60.2, 67.9, '', 'Female', 17, 'years', 1, 0, 0, 0, 0, 0, '', '', 0, '', '', 2, '', '2017-11-16', '2017-11-17', '2017-11-27', 1),
(194, '00065A', 2013, '', 'NYCOCME', 30, 'Female', 17, 24, 'years', 'years', 0, 0, '', 0, 0, 0, 'White', 64, 0, '', 'Female', 20, 'years', 0, 0, 1, 0, 0, 0, '', '', 64, '', '', 11, '', '2017-11-16', '2017-11-17', '2017-11-27', 1),
(195, '02366', 2007, '', 'NYCOCME', 30, 'Female', 19, 25, 'years', 'years', 0, 0, '', 0, 0, 0, 'Asian', 0, 0, '', 'Female', 21, 'years', 1, 0, 0, 0, 0, 0, '', '', 65, '', '', 3, '', '2017-11-16', '2017-11-17', '2017-11-27', 1),
(196, '06184', 2004, '', 'NYCOCME', 30, 'Male', 18, 25, 'years', 'years', 0, 0, '', 0, 0, 0, 'Other', 64, 0, '', 'Male', 23, 'years', 0, 0, 0, 1, 0, 0, '', '', 0, '', '', 7, '', '2017-11-16', '2017-11-17', '2017-11-27', 1),
(197, '02359', 2005, '', 'NYCOCME', 30, 'Male', 25, 30, 'years', 'years', 0, 0, '', 0, 0, 0, 'white', 0, 0, '', 'Male', 28, 'years', 0, 0, 1, 0, 0, 0, '', '', 0, '', '', 5, '', '2017-11-16', '2017-11-17', '2017-11-27', 1),
(198, '02916', 2013, '', 'NYCOCME', 30, 'Male', 20, 35, 'years', 'years', 0, 0, '', 0, 0, 0, 'Indeterminate', 61.1, 69.3, '', 'Male', 28, 'years', 0, 0, 1, 0, 0, 0, '', '', 68, '', '', 1, '', '2017-11-16', '2017-11-17', '2017-11-27', 1),
(199, '02031', 2008, '', 'NYCOCME', 30, 'Male', 25, 30, 'years', 'years', 0, 0, '', 0, 0, 0, 'Hispanic', 0, 0, '', 'Male', 29, 'years', 0, 0, 0, 1, 0, 0, '', '', 0, '', '', 0, '', '2017-11-16', '2017-11-16', '2017-11-27', 1),
(200, '01717', 2001, '', 'NYCOCME', 30, 'Male', 20, 25, 'years', 'years', 0, 0, '', 0, 0, 0, 'Black', 68, 74, '', 'Male', 29, 'years', 0, 1, 0, 0, 0, 0, '', '', 0, '', '', 4, '', '2017-11-16', '2017-11-16', '2017-11-27', 1),
(201, '03787', 1994, '', 'NYCOCME', 30, 'Male', 20, 35, 'years', 'years', 0, 0, '', 0, 0, 0, 'white', 67.1, 75.4, '', 'Male', 30, 'years', 0, 0, 1, 0, 0, 0, '', '', 0, '', '', 2, '', '2017-11-16', '2017-11-16', '2017-11-27', 1),
(202, '00014B', 2010, '', 'NYCOCME', 30, 'Male', 20, 35, 'years', 'years', 0, 0, '', 0, 0, 0, 'Indeterminate', 59.4, 65.5, '', 'Male', 31, 'years', 0, 0, 0, 0, 0, 0, '', '', 65, '', '', 1, '', '2017-11-16', '2017-11-16', '2017-11-27', 1),
(203, '01760', 2007, '', 'NYCOCME', 30, 'Male', 25, 35, 'years', 'years', 0, 0, '', 0, 0, 0, 'Hispanic', 65.7, 72, '', 'Male', 34, 'years', 0, 0, 0, 1, 0, 0, '', '', 0, '', '', 2, '', '2017-11-16', '2017-11-16', '2017-11-27', 1),
(204, '00876', 1987, '', 'NYCOCME', 30, 'Male', 35, 50, 'years', 'years', 0, 0, '', 0, 0, 0, 'white', 67.5, 74.1, '', 'Male', 37, 'years', 0, 0, 1, 0, 0, 0, '', '', 0, '', '', 3, '', '2017-11-16', '2017-11-16', '2017-11-27', 1),
(205, '03022', 2004, '', 'NYCOCME', 30, 'Female', 30, 46, 'years', 'years', 0, 0, '', 0, 0, 0, 'White', 61.8, 0, '', 'Female', 40, 'years', 0, 0, 0, 1, 0, 0, '', '', 0, '', '', 4, '', '2017-11-16', '2017-11-16', '2017-11-27', 1),
(206, '01064', 2008, '', 'NYCOCME', 30, 'Female', 30, 50, 'years', 'years', 0, 0, '', 0, 0, 0, 'white', 59.6, 64.6, '', 'Female', 42, 'years', 0, 0, 0, 1, 0, 0, '', '', 0, '', '', 0, '', '2017-11-16', '2017-11-16', '2017-11-27', 1),
(207, '03095', 2007, '', 'NYCOCME', 30, 'Female', 35, 50, 'years', 'years', 0, 0, '', 0, 0, 0, 'Indeterminate', 61, 68, '', 'Female', 43, 'years', 0, 0, 1, 0, 0, 0, '', '', 0, '', '', 3, '', '2017-11-16', '2017-11-16', '2017-11-27', 1),
(208, '04329', 2004, '', 'NYCOCME', 30, 'Male', 50, 99, 'years', 'years', 0, 0, '', 0, 0, 0, 'white', 74.7, 80.3, '', 'Male', 44, 'years', 0, 0, 1, 0, 0, 0, '', '', 75, '', '', 3, '', '2017-11-16', '2017-11-16', '2017-11-27', 1),
(209, '03178', 2007, '', 'NYCOCME', 30, 'Male', 40, 60, 'years', 'years', 0, 0, '', 0, 0, 0, 'white', 67.6, 73.9, '', 'Male', 53, 'years', 0, 0, 1, 0, 0, 0, '', '', 69, '', '', 3, '', '2017-11-16', '2017-11-16', '2017-11-27', 1),
(210, '00287', 2010, '', 'NYCOCME', 30, 'Male', 45, 65, 'years', 'years', 0, 0, '', 0, 0, 0, 'white', 66.5, 71.6, '', 'Male', 53, 'years', 0, 0, 1, 0, 0, 0, '', '', 0, '', '', 4, '', '2017-11-16', '2017-11-16', '2017-11-27', 1),
(211, '02282', 1981, '', 'NYCOCME', 30, 'Male', 27, 66, 'years', 'years', 0, 0, '', 0, 0, 0, '', 0, 0, '', 'Male', 58, 'years', 0, 0, 0, 0, 0, 0, '', '', 0, '', '', 1, '', '2017-11-16', '2017-11-16', '2017-11-27', 1),
(212, '04358', 2009, '', 'NYCOCME', 30, 'Male', 55, 99, 'years', 'years', 0, 0, '', 0, 0, 0, 'black', 68.1, 73.7, '', 'Male', 61, 'years', 0, 1, 0, 0, 0, 0, '', '', 71, '', '', 3, '', '2017-11-16', '2017-11-16', '2017-11-27', 1),
(213, '04285', 2015, '', 'NYCOCME', 30, 'Male', 55, 99, 'years', 'years', 0, 0, '', 0, 0, 0, 'White', 68, 75, '', 'Male', 65, 'years', 0, 0, 1, 0, 0, 0, '', '', 72, '', '', 2, '', '2017-11-16', '2017-11-16', '2017-11-27', 1),
(214, '04043', 2007, '', 'NYCOCME', 30, 'Male', 60, 99, 'years', 'years', 0, 0, '', 0, 0, 0, 'Other', 68, 75, '', 'Male', 67, 'years', 0, 0, 1, 0, 0, 0, '', '', 0, '', '', 3, '', '2017-11-16', '2017-11-16', '2017-11-27', 1),
(215, '05624', 2007, '', 'NYCOCME', 30, 'Female', 55, 70, 'years', 'years', 0, 0, '', 0, 0, 0, 'black', 60.3, 65.9, '', 'Female', 70, 'years', 0, 1, 0, 0, 0, 0, '', '', 0, '', '', 3, '', '2017-11-16', '2017-11-16', '2017-11-27', 1),
(216, '03437', 2017, '', 'NYCOCME', 30, 'Male', 60, 99, 'years', 'years', 0, 0, '', 0, 0, 0, 'Indeterminate', 64, 71, '', 'Male', 70, 'years', 0, 0, 0, 0, 0, 1, 'Indian', '', 0, '', '', 3, '', '2017-11-16', '2017-11-16', '2017-11-27', 1),
(217, '05863', 2015, '', 'NYCOCME', 30, 'Male', 50, 99, 'years', 'years', 0, 0, '', 0, 0, 0, 'bLACK', 70, 76, '', 'Male', 78, 'years', 0, 1, 0, 0, 0, 0, '', '', 73, '', '', 2, '', '2017-11-16', '2017-11-16', '2017-11-27', 1),
(218, '00973', 2007, '', 'NYCOCME', 30, 'Female', 60, 99, 'years', 'years', 0, 0, '', 0, 0, 0, 'WHITE', 61.7, 68.9, '', 'Female', 83, 'years', 0, 0, 1, 0, 0, 0, '', '', 0, '', '', 0, '', '2017-11-16', '2017-11-16', '2017-11-27', 1),
(219, '26603', 2016, '', 'NYCOCME', 30, 'Female', 55, 99, 'years', 'years', 0, 0, '', 0, 0, 0, 'white', 0, 0, '', 'Female', 93, 'years', 0, 0, 1, 0, 0, 0, '', '', 0, '', '', 3, '', '2017-11-16', '2017-11-16', '2017-11-27', 1),
(220, '00078', 2006, '', 'NYCOCME', 30, 'Male', 55, 99, 'years', 'years', 0, 0, '', 0, 0, 0, 'white', 69, 0, '', 'Male', 65, 'years', 0, 0, 1, 0, 0, 0, '', '', 71, '', '', 2, '', '2017-11-16', '2017-11-16', '2017-11-27', 1),
(221, '03414', 2012, '', 'NYCOCME', 30, '', 16, 19, 'years', 'years', 0, 0, '', 0, 0, 0, 'White', 0, 0, '', 'Female', 19, 'years', 0, 0, 0, 1, 0, 0, '', '', 0, '', '', 3, '', '2017-11-16', '2017-11-16', '2017-11-27', 1),
(222, '03940', 1988, '', 'NYCOCME', 30, 'Female', 35, 40, 'years', 'years', 0, 0, '', 0, 0, 0, 'white', 0, 0, '', 'Female', 37, 'years', 0, 0, 1, 0, 0, 0, '', '', 0, '', '', 0, '', '2017-11-16', '2017-11-16', '2017-11-27', 1),
(223, '00027', 2010, '', 'NYCOCME', 30, 'Male', 30, 50, 'years', 'years', 0, 0, '', 0, 0, 0, 'white', 0, 0, '', 'Male', 39, 'years', 0, 0, 1, 0, 0, 0, '', '', 0, '', '', 3, '', '2017-11-16', '2017-11-16', '2017-11-27', 1),
(224, '01075', 2000, '', 'NYCOCME', 30, 'Male', 35, 55, 'years', 'years', 0, 0, '', 0, 0, 0, 'white', 68, 0, '', 'Male', 41, 'years', 0, 0, 1, 0, 0, 0, '', '', 0, '', '', 3, '', '2017-11-16', '2017-11-16', '2017-11-27', 1),
(225, '01690', 2012, '', 'NYCOCME', 30, 'Male', 45, 65, 'years', 'years', 0, 0, '', 0, 0, 0, 'white', 66.3, 74.2, '', 'Male', 55, 'years', 0, 0, 1, 0, 0, 0, '', '', 0, '', '', 3, '', '2017-11-16', '2017-11-16', '2017-11-27', 1),
(226, '04532', 2009, '', 'NYCOCME', 30, 'Male', 40, 60, 'years', 'years', 0, 0, '', 0, 0, 0, 'black', 69, 0, '', 'Male', 57, 'years', 0, 1, 0, 0, 0, 0, '', '', 0, '', '', 3, '', '2017-11-16', '2017-11-16', '2017-11-27', 1),
(227, '02333', 2011, '', 'NYCOCME', 30, 'Male', 45, 99, 'years', 'years', 0, 0, '', 0, 0, 0, 'white', 0, 0, '', 'Male', 72, 'years', 0, 0, 1, 0, 0, 0, '', '', 66, '', '', 0, '', '2017-11-16', '2017-11-16', '2017-11-27', 1),
(228, '00974', 2008, '', 'NYCOCME', 30, 'Male', 40, 60, 'years', 'years', 0, 0, '', 0, 0, 0, 'white', 66.5, 71.6, '', 'Male', 55, 'years', 0, 0, 1, 0, 0, 0, '', '', 72, '', '', 5, '', '2017-11-16', '2017-11-16', '2017-11-27', 1),
(229, '00035A', 2010, '', 'NYCOCME', 30, 'Male', 25, 45, 'years', 'years', 0, 0, '', 0, 0, 0, 'white', 63.5, 70.5, '', 'Male', 0, '', 0, 0, 0, 0, 0, 0, '', '', 0, '', '', 2, '', '2017-11-17', '2017-11-17', '2017-11-27', 1),
(230, '00624', 2008, '', 'NYCOCME', 30, 'Female', 12, 17, 'years', 'years', 0, 0, '', 0, 0, 0, 'Hispanic', 0, 0, '', 'Female', 14, 'years', 0, 0, 0, 1, 0, 0, '', '', 0, '', '', 1, '', '2017-11-17', '2017-11-17', '2017-11-27', 1),
(231, '06328', 2008, '', 'NYCOCME', 30, 'Female', 15, 19, 'years', 'years', 0, 0, '', 0, 0, 0, 'black', 0, 0, '', 'Female', 16, 'years', 0, 1, 0, 0, 0, 0, '', '', 0, '', '', 3, '', '2017-11-17', '2017-11-17', '2017-11-27', 1),
(232, '00006', 2015, '', 'NYCOCME', 30, 'Male', 15, 20, 'years', 'years', 0, 0, '', 0, 0, 0, 'hispanic', 0, 0, '', 'Male', 16, 'years', 1, 0, 0, 0, 0, 0, '', '', 0, '', '', 4, '', '2017-11-17', '2017-11-17', '2017-11-27', 1),
(233, '01007', 2006, '', 'NYCOCME', 30, 'Female', 15, 22, 'years', 'years', 0, 0, '', 0, 0, 0, '', 0, 0, '', 'Female', 16, 'years', 0, 0, 0, 0, 0, 0, '', '', 0, '', '', 2, '', '2017-11-17', '2017-11-17', '2017-11-27', 1),
(234, '02063', 2013, '', 'NYCOCME', 30, '', 15, 20, 'years', 'years', 0, 0, '', 0, 0, 0, 'white', 0, 0, '', 'Male', 18, 'years', 0, 0, 0, 1, 0, 0, '', '', 0, '', '', 4, '', '2017-11-17', '2017-11-17', '2017-11-27', 1),
(235, '00663', 1990, '', 'NYCOCME', 30, '', 18, 24, 'years', 'years', 0, 0, '', 0, 0, 0, '', 0, 0, '', 'Female', 19, 'years', 0, 1, 0, 0, 0, 0, '', '', 0, '', '', 4, '', '2017-11-17', '2017-11-17', '2017-11-27', 1),
(236, '03613', 2010, '', 'NYCOCME', 30, 'Female', 17, 25, 'years', 'years', 0, 0, '', 0, 0, 0, 'black', 0, 0, '', 'Female', 20, 'years', 0, 1, 0, 0, 0, 0, '', '', 0, '', '', 3, '', '2017-11-17', '2017-11-17', '2017-11-27', 1),
(237, '01341', 2006, '', 'NYCOCME', 30, 'Female', 19, 24, 'years', 'years', 0, 0, '', 0, 0, 0, 'Other', 0, 0, '', 'Female', 21, 'years', 0, 0, 1, 0, 0, 0, '', '', 0, '', '', 2, '', '2017-11-17', '2017-11-17', '2017-11-27', 1),
(238, '03288', 2015, '', 'NYCOCME', 30, 'Male', 18, 28, 'years', 'years', 0, 0, '', 0, 0, 0, 'Indeterminate', 0, 0, '', 'Male', 22, 'years', 0, 0, 1, 0, 0, 0, '', '', 0, '', '', 4, '', '2017-11-17', '2017-11-17', '2017-11-27', 1),
(239, '03245', 2005, '', 'NYCOCME', 30, 'Male', 20, 25, 'years', 'years', 0, 0, '', 0, 0, 0, 'white', 0, 0, '', 'Male', 22, 'years', 0, 0, 1, 0, 0, 0, '', '', 0, '', '', 2, '', '2017-11-17', '2017-11-17', '2017-11-27', 1),
(240, '00061', 2011, '', 'NYCOCME', 30, 'Female', 18, 25, 'years', 'years', 0, 0, '', 0, 0, 0, 'white', 62, 69, '', 'Female', 23, 'years', 0, 0, 1, 0, 0, 0, '', '', 65, '', '', 4, '', '2017-11-17', '2017-11-17', '2017-11-27', 1),
(241, '02682', 2012, '', 'NYCOCME', 30, '', 20, 30, 'years', 'years', 0, 0, '', 0, 0, 0, 'white', 0, 0, '', 'Male', 23, 'years', 0, 0, 0, 1, 0, 0, '', '', 0, '', '', 3, '', '2017-11-17', '2017-11-17', '2017-11-27', 1),
(242, '04374', 2011, '', 'NYCOCME', 30, '', 20, 30, 'years', 'years', 0, 0, '', 0, 0, 0, '', 0, 0, '', 'Male', 25, 'years', 0, 0, 1, 0, 0, 0, '', '', 0, '', '', 3, '', '2017-11-17', '2017-11-17', '2017-11-27', 1),
(243, '06311', 2008, '', 'NYCOCME', 30, 'Male', 21, 28, 'years', 'years', 0, 0, '', 0, 0, 0, '', 0, 0, '', 'Male', 25, 'years', 0, 0, 0, 0, 0, 0, '', '', 0, '', '', 3, '', '2017-11-17', '2017-11-17', '2017-11-27', 1),
(244, '03682', 2008, '', 'NYCOCME', 30, 'Male', 20, 30, 'years', 'years', 0, 0, '', 0, 0, 0, 'white', 65.9, 72.2, '', 'Male', 25, 'years', 0, 0, 1, 0, 0, 0, '', '', 0, '', '69', 4, '', '2017-11-17', '2017-11-17', '2017-11-27', 1),
(245, '00990', 2006, '', 'NYCOCME', 30, 'Male', 25, 35, 'years', 'years', 0, 0, '', 0, 0, 0, 'black', 71, 0, '', 'Male', 27, 'years', 0, 1, 0, 0, 0, 0, '', '', 0, '', '', 4, '', '2017-11-17', '2017-11-17', '2017-11-27', 1);
INSERT INTO `cases` (`id`, `casenumber`, `caseyear`, `casename`, `caseagency`, `memberid`, `fasex`, `faage`, `faage2`, `faageunits`, `faageunits2`, `faancestryeuro`, `faancestryaf`, `faancestryas`, `faancestryna`, `faancestryhi`, `faancestryot`, `faancestryottext`, `fastature`, `fastature2`, `fastatureunits`, `idsex`, `idage`, `idageunits`, `idraceas`, `idraceaf`, `idracewh`, `idracehi`, `idracena`, `idraceot`, `idraceottext`, `idancaddtext`, `idstature`, `idstatureunits`, `idsource`, `nummethods`, `casenotes`, `datestarted`, `datemodified`, `datesubmitted`, `submissionstatus`) VALUES
(246, '04890', 2015, '', 'NYCOCME', 30, 'Male', 30, 45, 'years', 'years', 0, 0, '', 0, 0, 0, 'black', 65, 71, '', 'Male', 27, 'years', 0, 1, 0, 0, 0, 0, '', '', 0, '', '', 4, '', '2017-11-17', '2017-11-17', '2017-11-27', 1),
(247, '00034', 2011, '', 'NYCOCME', 30, 'Male', 18, 28, 'years', 'years', 0, 0, '', 0, 0, 0, 'Indeterminate', 63.5, 70.5, '', 'Male', 27, 'years', 0, 0, 0, 1, 0, 0, '', '', 67, '', '', 2, '', '2017-11-17', '2017-11-17', '2017-11-27', 1),
(248, '01755', 2013, '', 'NYCOCME', 30, 'Female', 20, 29, 'years', 'years', 0, 0, '', 0, 0, 0, 'black', 59.7, 65.7, '', 'Female', 29, 'years', 0, 1, 0, 0, 0, 0, '', '', 62, '', '', 4, '', '2017-11-17', '2017-11-17', '2017-11-27', 1),
(249, '03495', 2008, '', 'NYCOCME', 30, 'Male', 25, 40, 'years', 'years', 0, 0, '', 0, 0, 0, 'Hispanic', 0, 0, '', 'Male', 29, 'years', 0, 0, 0, 1, 0, 0, '', '', 0, '', '', 2, '', '2017-11-17', '2017-11-17', '2017-11-27', 1),
(250, '20042', 2016, '', 'NYCOCME', 30, 'Female', 24, 40, 'years', 'years', 0, 0, '', 0, 0, 0, 'Black', 65, 71, '', 'Female', 30, 'years', 0, 1, 0, 0, 0, 0, '', '', 66, '', '', 3, '', '2017-11-17', '2017-11-17', '2017-11-27', 1),
(251, '00026A', 2010, '', 'NYCOCME', 30, 'Female', 25, 35, 'years', 'years', 0, 0, '', 0, 0, 0, 'white', 57, 64, '', 'Female', 30, 'years', 0, 0, 1, 0, 0, 0, '', '', 58, '', '', 3, '', '2017-11-17', '2017-11-17', '2017-11-27', 1),
(252, '00254', 2009, '', 'NYCOCME', 30, 'Male', 30, 45, 'years', 'years', 0, 0, '', 0, 0, 0, 'White', 0, 0, '', 'Male', 31, 'years', 0, 0, 1, 0, 0, 0, '', '', 0, '', '', 3, '', '2017-11-17', '2017-11-17', '2017-11-27', 1),
(253, '03561', 2008, '', 'NYCOCME', 30, 'Male', 30, 45, 'years', 'years', 0, 0, '', 0, 0, 0, 'Indeterminate', 63.9, 70.3, '', 'Male', 31, 'years', 0, 0, 0, 1, 0, 0, '', '', 0, '', '', 3, '', '2017-11-17', '2017-11-17', '2017-11-27', 1),
(254, '03602', 1999, '', 'NYCOCME', 30, '', 25, 40, 'years', 'years', 0, 0, '', 0, 0, 0, '', 0, 0, '', 'Male', 31, 'years', 0, 0, 1, 0, 0, 0, '', '', 0, '', '', 3, '', '2017-11-17', '2017-11-17', '2017-11-27', 1),
(255, '05207', 2005, '', 'NYCOCME', 30, '', 27, 37, 'years', 'years', 0, 0, '', 0, 0, 0, '', 0, 0, '', 'Male', 32, 'years', 0, 0, 0, 1, 0, 0, '', '', 0, '', '', 3, '', '2017-11-17', '2017-11-17', '2017-11-27', 1),
(256, '04978', 2014, '', 'NYCOCME', 30, 'Male', 30, 45, 'years', 'years', 0, 0, '', 0, 0, 0, 'Black', 72.3, 78.3, '', 'Male', 34, 'years', 0, 1, 0, 0, 0, 0, '', '', 76, '', '', 3, '', '2017-11-17', '2017-11-17', '2017-11-27', 1),
(257, '01880', 2016, '', 'NYCOCME', 30, '', 25, 40, 'years', 'years', 0, 0, '', 0, 0, 0, '', 0, 0, '', 'Male', 35, 'years', 0, 0, 0, 0, 0, 0, '', '', 0, '', '', 3, '', '2017-11-17', '2017-11-17', '2017-11-27', 1),
(258, '00008A', 2015, '', 'NYCOCME', 30, 'Female', 30, 40, 'years', 'years', 0, 0, '', 0, 0, 0, 'Black', 60, 66, '', 'Female', 35, 'years', 0, 1, 0, 0, 0, 0, '', '', 61, '', '', 2, '', '2017-11-17', '2017-11-17', '2017-11-27', 1),
(259, '02022', 2009, '', 'NYCOCME', 30, 'Female', 30, 45, 'years', 'years', 0, 0, '', 0, 0, 0, 'Black', 0, 0, '', 'Female', 35, 'years', 0, 1, 0, 0, 0, 0, '', '', 0, '', '', 3, '', '2017-11-17', '2017-11-17', '2017-11-27', 1),
(260, '02407', 2008, '', 'NYCOCME', 30, 'Female', 40, 55, 'years', 'years', 0, 0, '', 0, 0, 0, 'Hispanic', 0, 0, '', 'Female', 35, 'years', 0, 0, 1, 0, 0, 0, '', '', 0, '', '', 2, '', '2017-11-17', '2017-11-17', '2017-11-27', 1),
(261, '04510', 2009, '', 'NYCOCME', 30, 'Male', 25, 40, 'years', 'years', 0, 0, '', 0, 0, 0, 'White', 0, 0, '', 'Male', 36, 'years', 0, 0, 1, 0, 0, 0, '', '', 0, '', '', 3, '', '2017-11-17', '2017-11-17', '2017-11-27', 1),
(262, '01375', 2008, '', 'NYCOCME', 30, 'Male', 25, 40, 'years', 'years', 0, 0, '', 0, 0, 0, 'White', 0, 0, '', 'Male', 38, 'years', 0, 0, 1, 0, 0, 0, '', '', 0, '', '', 3, '', '2017-11-17', '2017-11-17', '2017-11-27', 1),
(263, '02870', 2011, '', 'NYCOCME', 30, '', 25, 45, 'years', 'years', 0, 0, '', 0, 0, 0, '', 0, 0, '', 'Male', 38, 'years', 1, 0, 0, 0, 0, 0, '', '', 0, '', '', 3, '', '2017-11-17', '2017-11-17', '2017-11-27', 1),
(264, '06740', 2009, '', 'NYCOCME', 30, 'Male', 30, 45, 'years', 'years', 0, 0, '', 0, 0, 0, 'White', 65.6, 70.8, '', 'Male', 38, 'years', 0, 0, 1, 0, 0, 0, '', '', 0, '', '', 5, '', '2017-11-17', '2017-11-17', '2017-11-27', 1),
(265, '04867', 2014, '', 'NYCOCME', 30, '', 30, 50, 'years', 'years', 0, 0, '', 0, 0, 0, '', 0, 0, '', 'Female', 38, 'years', 0, 0, 0, 1, 0, 0, '', '', 0, '', '', 2, '', '2017-11-17', '2017-11-17', '2017-11-27', 1),
(266, '03311', 2002, '', 'NYCOCME', 30, '', 35, 50, 'years', 'years', 0, 0, '', 0, 0, 0, '', 0, 0, '', 'Male', 38, 'years', 0, 1, 0, 0, 0, 0, '', '', 69, '', '', 3, '', '2017-11-17', '2017-11-17', '2017-11-27', 1),
(267, '02227', 2009, '', 'NYCOCME', 30, 'Female', 35, 50, 'years', 'years', 0, 0, '', 0, 0, 0, 'Asian', 0, 0, '', 'Female', 38, 'years', 1, 0, 0, 0, 0, 0, '', '', 0, '', '', 3, '', '2017-11-17', '2017-11-17', '2017-11-27', 1),
(268, '04600', 2009, '', 'NYCOCME', 30, 'Male', 35, 55, 'years', 'years', 0, 0, '', 0, 0, 0, '', 0, 0, '', 'Male', 39, 'years', 0, 0, 1, 0, 0, 0, '', '', 0, '', '', 3, '', '2017-11-17', '2017-11-17', '2017-11-27', 1),
(269, '03908', 2008, '', 'NYCOCME', 30, 'Male', 40, 55, 'years', 'years', 0, 0, '', 0, 0, 0, 'Hispanic', 0, 0, '', 'Male', 39, 'years', 0, 0, 1, 0, 0, 0, '', '', 0, '', '', 3, '', '2017-11-17', '2017-11-17', '2017-11-27', 1),
(270, '01749', 2011, '', 'NYCOCME', 30, '', 30, 45, 'years', 'years', 0, 0, '', 0, 0, 0, '', 0, 0, '', 'Male', 39, 'years', 0, 1, 0, 0, 0, 0, '', '', 70, '', '', 3, '', '2017-11-17', '2017-11-17', '2017-11-27', 1),
(271, '03314', 2013, '', 'NYCOCME', 30, 'Female', 30, 45, 'years', 'years', 0, 0, '', 0, 0, 0, '', 0, 0, '', 'Female', 40, 'years', 0, 0, 1, 0, 0, 0, '', '', 0, '', '', 3, '', '2017-11-17', '2017-11-17', '2017-11-27', 1),
(272, '00114', 2009, '', 'NYCOCME', 30, 'Male', 30, 45, 'years', 'years', 0, 0, '', 0, 0, 0, 'Black', 0, 0, '', 'Male', 42, 'years', 0, 1, 0, 0, 0, 0, '', '', 0, '', '', 2, '', '2017-11-17', '2017-11-17', '2017-11-27', 1),
(273, '00041', 2009, '', 'NYCOCME', 30, 'Male', 35, 50, 'years', 'years', 0, 0, '', 0, 0, 0, 'White', 0, 0, '', 'Male', 43, 'years', 0, 0, 1, 0, 0, 0, '', '', 68, '', '', 3, '', '2017-11-17', '2017-11-17', '2017-11-27', 1),
(274, '01823', 2009, '', 'NYCOCME', 30, 'Male', 35, 55, 'years', 'years', 0, 0, '', 0, 0, 0, 'Black', 0, 0, '', 'Male', 43, 'years', 0, 1, 0, 0, 0, 0, '', '', 69, '', '', 3, '', '2017-11-17', '2017-11-17', '2017-11-27', 1),
(275, '00791', 2006, '', 'NYCOCME', 30, 'Male', 30, 50, 'years', 'years', 0, 0, '', 0, 0, 0, '', 0, 0, '', 'Male', 45, 'years', 0, 0, 1, 0, 0, 0, '', '', 0, '', '', 3, '', '2017-11-17', '2017-11-17', '2017-11-27', 1),
(276, '00038', 2006, '', 'NYCOCME', 30, 'Male', 35, 50, 'years', 'years', 0, 0, '', 0, 0, 0, '', 63, 71, '', 'Male', 45, 'years', 0, 1, 0, 0, 0, 0, '', '', 0, '', '', 3, '', '2017-11-17', '2017-11-17', '2017-11-27', 1),
(277, '04270', 2014, '', 'NYCOCME', 30, '', 35, 50, 'years', 'years', 0, 0, '', 0, 0, 0, '', 0, 0, '', '', 45, 'years', 0, 0, 0, 0, 0, 0, '', '', 0, '', '', 3, '', '2017-11-17', '2017-11-17', '2017-11-27', 1),
(278, '03630', 2012, '', 'NYCOCME', 30, 'Male', 40, 60, 'years', 'years', 0, 0, '', 0, 0, 0, '', 69.2, 75.9, '', 'Male', 45, 'years', 0, 1, 0, 0, 0, 0, '', '', 0, '', '', 3, '', '2017-11-17', '2017-11-17', '2017-11-27', 1),
(279, '04779', 2011, '', 'NYCOCME', 30, '', 45, 65, 'years', 'years', 0, 0, '', 0, 0, 0, '', 0, 0, '', 'Male', 45, 'years', 0, 0, 1, 0, 0, 0, '', '', 0, '', '', 3, '', '2017-11-17', '2017-11-17', '2017-11-27', 1),
(280, '20118', 2016, '', 'NYCOCME', 30, 'Male', 40, 55, 'years', 'years', 0, 0, '', 0, 0, 0, 'White', 65, 71, '', 'Male', 49, 'years', 0, 0, 1, 0, 0, 0, '', '', 0, '', '', 5, '', '2017-11-17', '2017-11-17', '2017-11-27', 1),
(281, '05156', 2010, '', 'NYCOCME', 30, 'Male', 40, 55, 'years', 'years', 0, 0, '', 0, 0, 0, 'White', 66.5, 73.2, '', 'Male', 52, 'years', 0, 0, 1, 0, 0, 0, '', '', 60, '', '', 3, '', '2017-11-17', '2017-11-17', '2017-11-27', 1),
(282, '01195', 2010, '', 'NYCOCME', 30, 'Male', 35, 50, 'years', 'years', 0, 0, '', 0, 0, 0, 'Black', 0, 0, '', 'Male', 53, 'years', 0, 1, 0, 0, 0, 0, '', '', 0, '', '', 3, '', '2017-11-17', '2017-11-17', '2017-11-27', 1),
(283, '04707', 2009, '', 'NYCOCME', 30, 'Male', 40, 55, 'years', 'years', 0, 0, '', 0, 0, 0, 'White', 0, 0, '', 'Male', 53, 'years', 0, 0, 1, 0, 0, 0, '', '', 0, '', '', 3, '', '2017-11-17', '2017-11-17', '2017-11-27', 1),
(284, '04707A', 2009, '', 'NYCOCME', 30, 'Male', 40, 55, 'years', 'years', 0, 0, '', 0, 0, 0, 'White', 0, 0, '', 'Male', 53, 'years', 0, 0, 0, 0, 0, 0, '', '', 0, '', '', 0, '', '2017-11-17', '2017-11-17', '0000-00-00', -1),
(285, '01919', 2007, '', 'NYCOCME', 30, 'Male', 55, 99, 'years', 'years', 0, 0, '', 0, 0, 0, 'Indeterminate', 0, 0, '', 'Male', 53, 'years', 0, 1, 0, 0, 0, 0, '', '', 0, '', '', 2, '', '2017-11-17', '2017-11-17', '2017-11-27', 1),
(286, '05007', 2014, '', 'NYCOCME', 30, '', 40, 60, 'years', 'years', 0, 0, '', 0, 0, 0, '', 0, 0, '', 'Male', 54, 'years', 0, 0, 0, 1, 0, 0, '', '', 0, '', '', 3, '', '2017-11-17', '2017-11-17', '2017-11-27', 1),
(287, '05704', 2011, '', 'NYCOCME', 30, '', 45, 60, 'years', 'years', 0, 0, '', 0, 0, 0, '', 0, 0, '', 'Male', 54, 'years', 1, 0, 0, 0, 0, 0, '', '', 0, '', '', 3, '', '2017-11-17', '2017-11-17', '2017-11-27', 1),
(288, '03309', 2002, '', 'NYCOCME', 30, '', 55, 99, 'years', 'years', 0, 0, '', 0, 0, 0, '', 0, 0, '', 'Male', 54, 'years', 0, 0, 0, 1, 0, 0, '', '', 67, '', '', 3, '', '2017-11-17', '2017-11-17', '2017-11-27', 1),
(289, '03519', 2016, '', 'NYCOCME', 30, '', 35, 55, 'years', 'years', 0, 0, '', 0, 0, 0, '', 0, 0, '', 'Male', 55, 'years', 0, 1, 0, 0, 0, 0, '', '', 0, '', '', 4, '', '2017-11-17', '2017-11-17', '2017-11-27', 1),
(290, '02087', 2010, '', 'NYCOCME', 30, 'Male', 40, 60, 'years', 'years', 0, 0, '', 0, 0, 0, 'Black', 0, 0, '', 'Male', 55, 'years', 0, 1, 0, 0, 0, 0, '', '', 0, '', '', 3, '', '2017-11-17', '2017-11-17', '2017-11-27', 1),
(291, '06273', 2014, '', 'NYCOCME', 30, '', 50, 99, 'years', 'years', 0, 0, '', 0, 0, 0, '', 0, 0, '', 'Male', 57, 'years', 0, 0, 1, 0, 0, 0, '', '', 0, '', '', 3, '', '2017-11-17', '2017-11-17', '2017-11-27', 1),
(292, '04882', 2012, '', 'NYCOCME', 30, '', 40, 55, 'years', 'years', 0, 0, '', 0, 0, 0, '', 0, 0, '', 'Male', 58, 'years', 0, 0, 1, 0, 0, 0, '', '', 0, '', '', 2, '', '2017-11-17', '2017-11-17', '2017-11-27', 1),
(293, '03117', 2013, '', 'NYCOCME', 30, 'Female', 40, 60, 'years', 'years', 0, 0, '', 0, 0, 0, '', 0, 0, '', 'Female', 60, 'years', 1, 0, 0, 0, 0, 0, '', '', 0, '', '', 3, '', '2017-11-17', '2017-11-17', '2017-11-27', 1),
(294, '01199', 2007, '', 'NYCOCME', 30, 'Male', 40, 55, 'years', 'years', 0, 0, '', 0, 0, 0, 'White', 65.3, 71.6, '', 'Male', 61, 'years', 0, 0, 1, 0, 0, 0, '', '', 0, '', '', 3, '', '2017-11-17', '2017-11-17', '2017-11-27', 1),
(295, '02420', 2015, '', 'NYCOCME', 30, 'Male', 45, 65, 'years', 'years', 0, 0, '', 0, 0, 0, '', 0, 0, '', 'Male', 61, 'years', 0, 0, 1, 0, 0, 0, '', '', 0, '', '', 3, '', '2017-11-17', '2017-11-17', '2017-11-27', 1),
(296, '03163', 2007, '', 'NYCOCME', 30, 'Male', 55, 99, 'years', 'years', 0, 0, '', 0, 0, 0, 'White', 0, 0, '', 'Male', 62, 'years', 0, 0, 1, 0, 0, 0, '', '', 0, '', '', 2, '', '2017-11-17', '2017-11-17', '2017-11-27', 1),
(297, '02740', 2009, '', 'NYCOCME', 30, '', 55, 99, 'years', 'years', 0, 0, '', 0, 0, 0, '', 0, 0, '', 'Male', 66, 'years', 0, 1, 0, 0, 0, 0, '', '', 71, '', '', 3, '', '2017-11-17', '2017-11-17', '2017-11-27', 1),
(298, '06338', 2008, '', 'NYCOCME', 30, 'Male', 45, 60, 'years', 'years', 0, 0, '', 0, 0, 0, 'White', 0, 0, '', 'Male', 67, 'years', 0, 0, 0, 1, 0, 0, '', '', 0, '', '', 2, '', '2017-11-17', '2017-11-17', '2017-11-27', 1),
(299, '02426', 2008, '', 'NYCOCME', 30, 'Male', 50, 70, 'years', 'years', 0, 0, '', 0, 0, 0, 'Black', 0, 0, '', 'Male', 67, 'years', 0, 1, 0, 0, 0, 0, '', '', 0, '', '', 2, '', '2017-11-17', '2017-11-17', '2017-11-27', 1),
(300, '02237', 2017, '', 'NYCOCME', 30, 'Female', 50, 99, 'years', 'years', 0, 0, '', 0, 0, 0, 'White', 0, 0, '', 'Female', 68, 'years', 0, 0, 1, 0, 0, 0, '', '', 0, '', '', 4, '', '2017-11-17', '2017-11-17', '2017-11-27', 1),
(301, '24912', 2016, '', 'NYCOCME', 30, 'Male', 55, 99, 'years', 'years', 0, 0, '', 0, 0, 0, '', 0, 0, '', 'Male', 68, 'years', 0, 0, 1, 0, 0, 0, '', '', 0, '', '', 5, '', '2017-11-17', '2017-11-30', '2017-11-27', 1),
(302, '04113', 2013, '', 'NYCOCME', 30, 'Male', 55, 100, 'years', 'years', 0, 0, '', 0, 0, 0, 'Asian', 0, 0, '', 'Male', 72, 'years', 1, 0, 0, 0, 0, 0, '', '', 0, '', '', 3, '', '2017-11-17', '2017-11-17', '2017-11-27', 1),
(303, '01679', 2011, '', 'NYCOCME', 30, '', 60, 99, 'years', 'years', 0, 0, '', 0, 0, 0, '', 0, 0, '', 'Male', 77, 'years', 1, 0, 0, 0, 0, 0, '', '', 66, '', '', 2, '', '2017-11-17', '2017-11-17', '2017-11-27', 1),
(304, '05627', 2006, '', 'NYCOCME', 30, 'Male', 65, 99, 'years', 'years', 0, 0, '', 0, 0, 0, 'White', 70.8, 0, '', 'Male', 78, 'years', 0, 0, 1, 0, 0, 0, '', '', 0, '', '', 2, '', '2017-11-17', '2017-11-17', '2017-11-27', 1),
(305, '01347', 2009, '', 'NYCOCME', 30, 'Male', 65, 99, 'years', 'years', 0, 0, '', 0, 0, 0, 'Other', 64.4, 70.6, '', 'Male', 87, 'years', 0, 1, 0, 0, 0, 0, '', '', 0, '', '', 3, '', '2017-11-17', '2017-11-17', '2017-11-27', 1),
(306, '07419', 2014, '', 'NYCOCME', 30, 'Male', 45, 60, 'years', 'years', 0, 0, '', 0, 0, 0, 'Hispanic', 69.5, 0, '', 'Male', 49, 'years', 0, 1, 0, 0, 0, 0, '', '', 0, '', '', 3, '', '2017-11-17', '2017-11-17', '2017-11-27', 1),
(307, '04470', 2009, '', 'NYCOCME', 30, 'Female', 16, 20, 'years', 'years', 0, 0, '', 0, 0, 0, 'White', 0, 0, '', 'Female', 19, 'years', 0, 0, 1, 0, 0, 0, '', '', 0, '', '', 3, '', '2017-11-17', '2017-11-17', '2017-11-27', 1),
(308, '00634', 2008, '', 'NYCOCME', 30, 'Male', 17, 25, 'years', 'years', 0, 0, '', 0, 0, 0, 'Black', 0, 0, '', 'Male', 19, 'years', 0, 1, 0, 0, 0, 0, '', '', 0, '', '', 3, '', '2017-11-17', '2017-11-17', '2017-11-27', 1),
(309, '00039A', 2010, '', 'NYCOCME', 30, 'Female', 17, 24, 'years', 'years', 0, 0, '', 0, 0, 0, 'White', 0, 0, '', 'Female', 22, 'years', 0, 0, 1, 0, 0, 0, '', '', 65, '', '', 3, '', '2017-11-17', '2017-11-17', '2017-11-27', 1),
(310, '02947', 2010, '', 'NYCOCME', 30, 'Male', 25, 45, 'years', 'years', 0, 0, '', 0, 0, 0, 'Hispanic', 0, 0, '', 'Male', 23, 'years', 0, 0, 0, 1, 0, 0, '', '', 0, '', '', 3, '', '2017-11-17', '2017-11-17', '2017-11-27', 1),
(311, '00036A', 2010, '', 'NYCOCME', 30, 'Female', 18, 27, 'years', 'years', 0, 0, '', 0, 0, 0, 'White', 54.3, 61.2, '', 'Female', 24, 'years', 0, 0, 1, 0, 0, 0, '', '', 48, '', '', 2, '', '2017-11-17', '2017-11-17', '2017-11-27', 1),
(312, '01010', 2008, '', 'NYCOCME', 30, 'Male', 25, 35, 'years', 'years', 0, 0, '', 0, 0, 0, 'Hispanic', 0, 0, '', 'Male', 25, 'years', 0, 0, 0, 1, 0, 0, '', '', 0, '', '', 3, '', '2017-11-17', '2017-11-17', '2017-11-27', 1),
(313, '00038A', 2010, '', 'NYCOCME', 30, 'Female', 20, 30, 'years', 'years', 0, 0, '', 0, 0, 0, 'White', 54.8, 61.7, '', 'Female', 25, 'years', 0, 0, 1, 0, 0, 0, '', '', 59, '', '', 3, '', '2017-11-17', '2017-11-17', '2017-11-27', 1),
(314, '02831', 2009, '', 'NYCOCME', 30, 'Male', 30, 45, 'years', 'years', 0, 0, '', 0, 0, 0, 'Asian', 0, 0, '', 'Male', 34, 'years', 1, 0, 0, 0, 0, 0, '', '', 0, '', '', 2, '', '2017-11-17', '2017-11-17', '2017-11-27', 1),
(315, '05113', 2006, '', 'NYCOCME', 30, 'Male', 35, 40, 'years', 'years', 0, 0, '', 0, 0, 0, 'Hispanic', 0, 0, '', 'Male', 40, 'years', 0, 0, 0, 1, 0, 0, '', '', 0, '', '', 3, '', '2017-11-17', '2017-11-17', '2017-11-27', 1),
(316, '03027', 2008, '', 'NYCOCME', 30, 'Male', 35, 50, 'years', 'years', 0, 0, '', 0, 0, 0, 'Hispanic', 0, 0, '', 'Male', 41, 'years', 0, 0, 0, 1, 0, 0, '', '', 0, '', '', 2, '', '2017-11-17', '2017-11-17', '2017-11-27', 1),
(317, '04774', 2010, '', 'NYCOCME', 30, 'Male', 35, 50, 'years', 'years', 0, 0, '', 0, 0, 0, 'Hispanic', 0, 0, '', 'Male', 45, 'years', 0, 0, 0, 1, 0, 0, '', '', 0, '', '', 3, '', '2017-11-17', '2017-11-17', '2017-11-27', 1),
(318, '04049', 2009, '', 'NYCOCME', 30, 'Male', 40, 55, 'years', 'years', 0, 0, '', 0, 0, 0, 'Black', 0, 0, '', 'Male', 49, 'years', 0, 1, 0, 0, 0, 0, '', '', 0, '', '', 3, '', '2017-11-17', '2017-11-17', '2017-11-27', 1),
(319, '00691', 2010, '', 'NYCOCME', 30, 'Male', 45, 99, 'years', 'years', 0, 0, '', 0, 0, 0, 'White', 0, 0, '', 'Male', 51, 'years', 0, 0, 1, 0, 0, 0, '', '', 0, '', '', 3, '', '2017-11-17', '2017-11-17', '2017-11-27', 1),
(320, '01033', 2008, '', 'NYCOCME', 30, 'Male', 50, 99, 'years', 'years', 0, 0, '', 0, 0, 0, 'White', 0, 0, '', 'Male', 51, 'years', 0, 0, 1, 0, 0, 0, '', '', 0, '', '', 3, '', '2017-11-17', '2017-11-17', '2017-11-27', 1),
(321, '06022', 2011, '', 'NYCOCME', 30, '', 55, 99, 'years', 'years', 0, 0, '', 0, 0, 0, '', 0, 0, '', 'Male', 53, 'years', 0, 0, 1, 0, 0, 0, '', '', 0, '', '', 3, '', '2017-11-17', '2017-11-17', '2017-11-27', 1),
(322, '02489', 2008, '', 'NYCOCME', 30, 'Male', 55, 99, 'years', 'years', 0, 0, '', 0, 0, 0, 'Hispanic', 0, 0, '', 'Male', 56, 'years', 0, 0, 0, 1, 0, 0, '', '', 0, '', '', 2, '', '2017-11-17', '2017-11-17', '2017-11-27', 1),
(323, '03246', 2009, '', 'NYCOCME', 30, 'Male', 60, 99, 'years', 'years', 0, 0, '', 0, 0, 0, '', 0, 0, '', 'Male', 57, 'years', 0, 0, 1, 0, 0, 0, '', '', 0, '', '', 3, '', '2017-11-17', '2017-11-17', '2017-11-27', 1),
(324, '00159', 2006, '', 'NYCOCME', 30, 'Male', 50, 99, 'years', 'years', 0, 0, '', 0, 0, 0, 'White', 63.3, 68.9, '', 'Male', 59, 'years', 0, 0, 1, 0, 0, 0, '', '', 66, '', '', 4, '', '2017-11-17', '2017-11-17', '2017-11-27', 1),
(325, '05235', 2008, '', 'NYCOCME', 30, 'Male', 55, 99, 'years', 'years', 0, 0, '', 0, 0, 0, 'White', 0, 0, '', 'Male', 62, 'years', 0, 0, 1, 0, 0, 0, '', '', 0, '', '', 3, '', '2017-11-17', '2017-11-17', '2017-11-27', 1),
(326, '03316', 2009, '', 'NYCOCME', 30, 'Male', 55, 99, 'years', 'years', 0, 0, '', 0, 0, 0, 'Black', 0, 0, '', 'Male', 63, 'years', 0, 1, 0, 0, 0, 0, '', '', 0, '', '', 3, '', '2017-11-17', '2017-11-17', '2017-11-27', 1),
(327, '03616', 2012, '', 'NYCOCME', 30, 'Male', 55, 99, 'years', 'years', 0, 0, '', 0, 0, 0, 'Black', 62.1, 68.2, '', 'Male', 87, 'years', 0, 0, 0, 0, 0, 0, '', '', 0, '', '', 3, '', '2017-11-17', '2017-11-17', '2017-11-27', 1),
(328, '00027A', 2011, '', 'NYCOCME', 30, 'Male', 45, 65, 'years', 'years', 0, 0, '', 0, 0, 0, 'White', 68.2, 74.9, '', 'Male', 0, '', 0, 0, 0, 0, 0, 0, '', '', 0, '', '', 3, '', '2017-11-17', '2017-11-17', '2017-11-27', 1),
(329, '00037A', 2010, '', 'NYCOCME', 30, 'Female', 25, 35, 'years', 'years', 0, 0, '', 0, 0, 0, 'White', 53.8, 60.5, '', 'Female', 27, 'years', 0, 0, 1, 0, 0, 0, '', '', 60, '', '', 3, '', '2017-11-17', '2017-11-17', '2017-11-27', 1),
(330, '04566', 2007, '', 'NYCOCME', 30, 'Male', 23, 40, 'years', 'years', 0, 0, '', 0, 0, 0, 'Black', 0, 0, '', 'Male', 22, 'years', 0, 1, 0, 0, 0, 0, '', '', 0, '', '', 1, '', '2017-11-17', '2017-11-17', '2017-11-27', 1),
(331, '00940', 2011, '', 'NYCOCME', 30, 'Male', 17, 23, 'years', 'years', 0, 0, '', 0, 0, 0, 'Black', 67, 72.8, '', 'Male', 30, 'years', 0, 1, 0, 0, 0, 0, '', '', 0, '', '', 4, '', '2017-11-17', '2017-11-17', '2017-11-27', 1),
(332, '01924', 2003, '', 'NYCOCME', 30, 'Male', 40, 55, 'years', 'years', 0, 0, '', 0, 0, 0, 'White', 66, 72, '', 'Male', 47, 'years', 0, 0, 1, 0, 0, 0, '', '', 71, '', '', 3, '', '2017-11-17', '2017-11-17', '2017-11-27', 1),
(333, '00033A', 2010, '', 'NYCOCME', 30, 'Male', 20, 30, 'years', 'years', 0, 0, '', 0, 0, 0, 'White', 67.8, 74.7, '', 'Male', 25, 'years', 0, 0, 1, 0, 0, 0, '', '', 77, '', '', 3, '', '2017-11-17', '2017-11-17', '2017-11-27', 1),
(334, '00357', 2008, '', 'NYCOCME', 30, 'Female', 25, 35, 'years', 'years', 0, 0, '', 0, 0, 0, 'White', 59.3, 67.2, '', 'Female', 27, 'years', 0, 0, 1, 0, 0, 0, '', '', 0, '', '', 4, '', '2017-11-17', '2017-11-17', '2017-11-27', 1),
(335, '00011A', 2011, '', 'NYCOCME', 30, 'Female', 16, 23, 'years', 'years', 0, 0, '', 0, 0, 0, 'White', 0, 0, '', 'Female', 0, '', 0, 0, 1, 0, 0, 0, '', '', 0, '', '', 0, '', '2017-11-17', '2017-11-17', '2017-11-27', 1),
(336, '02666', 2008, '', 'NYCOCME', 30, 'Male', 20, 30, 'years', 'years', 0, 0, '', 0, 0, 0, 'White', 0, 0, '', 'Male', 24, 'years', 0, 0, 1, 0, 0, 0, '', '', 0, '', '', 3, '', '2017-11-17', '2017-11-17', '2017-11-27', 1),
(337, '04911', 2014, '', 'NYCOCME', 30, 'Male', 35, 50, 'years', 'years', 0, 0, '', 0, 0, 0, 'Asian', 66.4, 0, '', 'Male', 41, 'years', 1, 0, 0, 0, 0, 0, '', '', 68, '', '', 3, '', '2017-11-17', '2017-11-17', '2017-11-27', 1),
(338, '04194', 2009, '', 'NYCOCME', 30, 'Male', 55, 99, 'years', 'years', 0, 0, '', 0, 0, 0, 'Black', 72.1, 0, '', 'Male', 63, 'years', 0, 1, 0, 0, 0, 0, '', '', 73, '', '', 3, '', '2017-11-17', '2017-11-17', '2017-11-27', 1),
(339, '2202', 1925, '', '', 1, 'Female', 12, 17, 'years', 'years', 0, 0, '', 0, 0, 0, '', 0, 0, '', '', 0, '', 0, 0, 0, 0, 0, 0, '', '', 0, '', '', 2, 'None yet', '2017-12-10', '2017-12-10', '0000-00-00', 0),
(340, '18-001', 2018, '', 'DFSG', 24, 'Female', 25, 40, 'years', 'years', 0, 0, '', 0, 0, 0, 'African', 0, 0, '', 'Female', 35, 'years', 0, 1, 0, 0, 0, 0, '', '', 0, '', 'DNA', 10, '', '2018-02-06', '2018-02-06', '2018-02-06', 1),
(341, '16-026', 2004, '', 'DFSG', 24, 'Male', 15, 99, 'years', 'years', 0, 0, '', 0, 0, 0, 'Hispanic, possibility of admixture African American', 0, 0, '', 'Male', 46, 'years', 0, 0, 0, 1, 0, 0, '', 'Mexican-born', 0, '', 'DNA identification, match with VA felony records', 5, '', '2018-08-10', '2018-08-10', '2018-08-10', 1),
(342, '1801221', 2018, '', 'Santa Cruz Sheriff', 42, 'Male', 40, 60, 'years', 'years', 0, 0, '', 0, 0, 0, 'white', 63, 70, '', 'Male', 46, 'years', 0, 0, 1, 0, 0, 0, '', '', 69, '', 'missing person report', 9, 'all teeth except 32 were lost antemortem.', '2018-08-20', '2018-08-20', '2018-08-20', 1),
(343, '18-011', 2018, '', 'DFSG', 24, 'Male', 16, 40, 'years', 'years', 0, 0, '', 0, 0, 0, 'African American', 0, 0, '', 'Male', 28, 'years', 0, 1, 0, 0, 0, 0, '', '', 0, '', 'DNA', 8, '', '2018-12-18', '2018-12-18', '2018-12-18', 1);

-- --------------------------------------------------------

--
-- Table structure for table `contact`
--

CREATE TABLE `contact` (
  `id` int(11) NOT NULL,
  `email` text NOT NULL
) ENGINE=InnoDB DEFAULT CHARSET=latin1;

--
-- Dumping data for table `contact`
--

INSERT INTO `contact` (`id`, `email`) VALUES
(1, 'hughest@illinois.edu');

-- --------------------------------------------------------

--
-- Table structure for table `feature`
--

CREATE TABLE `feature` (
  `id` int(11) NOT NULL,
  `name` text NOT NULL,
  `description` text
) ENGINE=InnoDB DEFAULT CHARSET=utf8;

--
-- Dumping data for table `feature`
--

INSERT INTO `feature` (`id`, `name`, `description`) VALUES
(1, 'None', NULL),
(5, 'Cranium', NULL),
(6, 'Mandible', NULL),
(7, 'Rib 3, left', NULL),
(8, 'Rib 4, left', NULL),
(9, 'Rib 4, right', NULL),
(10, 'Rib 5, left', NULL),
(11, 'Rib 6, left', NULL),
(12, 'Rib 6, right', NULL),
(13, 'Rib 7, left', NULL),
(14, 'Rib 7, right', NULL),
(15, 'Rib 8, left', NULL),
(16, 'Rib 8, right', NULL),
(17, 'Rib 9, left', NULL),
(18, 'Rib 9, right', NULL),
(19, 'Rib 10, left', NULL),
(20, 'Rib 11, left', NULL),
(21, 'Rib 11, right', NULL),
(22, 'Rib 12, left', NULL),
(23, 'Clavicle, right', NULL),
(24, 'Clavicle, left', NULL),
(25, 'Vertebra, lumbar', NULL),
(26, 'Vertebra, cerivcal', NULL),
(27, 'Scapula, right', NULL),
(28, 'Humerus, left', NULL),
(29, 'Humerus, right', NULL),
(30, 'Radius, left', NULL),
(31, 'Radius, right', NULL),
(32, 'Ulna, left', NULL),
(33, 'Rib 1, right', NULL),
(34, 'Rib 1, left', NULL),
(35, 'Rib 2, right', NULL),
(36, 'Rib 2, left', NULL),
(37, 'Rib 3, right', NULL),
(38, 'Rib 5, right', NULL),
(39, 'Rib 10, right', NULL),
(40, 'Rib 12, right', NULL),
(41, 'Ulna, right', NULL),
(42, 'Scapula, left', NULL),
(43, 'Radius, left', NULL),
(44, 'Os coxa, left', NULL),
(45, 'Os coxa, right', NULL),
(46, 'Sacrum', NULL),
(47, 'Femur, left', NULL),
(48, 'Femur, right', NULL),
(49, 'Patella, left', NULL),
(50, 'Patella, right', NULL),
(51, 'Tibia, left', NULL),
(52, 'Tibia, right', NULL),
(53, 'Fibula, left', NULL),
(54, 'Fibula, right', NULL),
(55, 'Sternum', NULL),
(56, 'Tooth #1', ''),
(57, 'Tooth #2', NULL),
(58, 'Tooth #3', NULL),
(59, 'Tooth #4', NULL),
(60, 'Tooth #5', NULL),
(61, 'Tooth #6', NULL),
(62, 'Tooth #7', NULL),
(63, 'Tooth #8', NULL),
(64, 'Tooth #9', NULL),
(65, 'Tooth #10', NULL),
(66, 'Tooth #11', NULL),
(67, 'Tooth #12', NULL),
(68, 'Tooth #13', NULL),
(69, 'Tooth #14', NULL),
(70, 'Tooth #15', NULL),
(71, 'Tooth #16', NULL),
(72, 'Tooth #17', NULL),
(73, 'Tooth #18', NULL),
(74, 'Tooth #19', NULL),
(75, 'Tooth #20', NULL),
(76, 'Tooth #21', NULL),
(77, 'Tooth #22', NULL),
(78, 'Tooth #23', NULL),
(79, 'Tooth #24', NULL),
(80, 'Tooth #25', NULL),
(81, 'Tooth #26', NULL),
(82, 'Tooth #27', NULL),
(83, 'Tooth #28', NULL),
(84, 'Tooth #29', NULL),
(85, 'Tooth #30', NULL),
(86, 'Tooth #31', NULL),
(87, 'Tooth #32', NULL);

-- --------------------------------------------------------

--
-- Table structure for table `membercasetable`
--

CREATE TABLE `membercasetable` (
  `memberid` int(11) NOT NULL,
  `caseid` int(11) NOT NULL
) ENGINE=InnoDB DEFAULT CHARSET=latin1;

--
-- Dumping data for table `membercasetable`
--

INSERT INTO `membercasetable` (`memberid`, `caseid`) VALUES
(1, 71),
(1, 72),
(1, 73),
(1, 74),
(1, 77),
(1, 78),
(1, 79),
(1, 80),
(1, 81),
(1, 82),
(1, 83),
(1, 84),
(1, 109),
(1, 110),
(1, 111),
(1, 112),
(1, 115),
(1, 339),
(4, 120),
(13, 103),
(13, 104),
(22, 75),
(22, 76),
(23, 85),
(23, 105),
(23, 106),
(23, 107),
(23, 108),
(23, 121),
(23, 122),
(23, 123),
(23, 124),
(23, 125),
(23, 126),
(23, 127),
(24, 86),
(24, 87),
(24, 88),
(24, 89),
(24, 90),
(24, 91),
(24, 92),
(24, 93),
(24, 94),
(24, 95),
(24, 96),
(24, 97),
(24, 98),
(24, 99),
(24, 100),
(24, 101),
(24, 102),
(24, 113),
(24, 153),
(24, 181),
(24, 340),
(24, 341),
(24, 343),
(30, 182),
(30, 183),
(30, 184),
(30, 185),
(30, 186),
(30, 187),
(30, 188),
(30, 189),
(30, 190),
(30, 191),
(30, 192),
(30, 193),
(30, 194),
(30, 195),
(30, 196),
(30, 197),
(30, 198),
(30, 199),
(30, 200),
(30, 201),
(30, 202),
(30, 203),
(30, 204),
(30, 205),
(30, 206),
(30, 207),
(30, 208),
(30, 209),
(30, 210),
(30, 211),
(30, 212),
(30, 213),
(30, 214),
(30, 215),
(30, 216),
(30, 217),
(30, 218),
(30, 219),
(30, 220),
(30, 221),
(30, 222),
(30, 223),
(30, 224),
(30, 225),
(30, 226),
(30, 227),
(30, 228),
(30, 229),
(30, 230),
(30, 231),
(30, 232),
(30, 233),
(30, 234),
(30, 235),
(30, 236),
(30, 237),
(30, 238),
(30, 239),
(30, 240),
(30, 241),
(30, 242),
(30, 243),
(30, 244),
(30, 245),
(30, 246),
(30, 247),
(30, 248),
(30, 249),
(30, 250),
(30, 251),
(30, 252),
(30, 253),
(30, 254),
(30, 255),
(30, 256),
(30, 257),
(30, 258),
(30, 259),
(30, 260),
(30, 261),
(30, 262),
(30, 263),
(30, 264),
(30, 265),
(30, 266),
(30, 267),
(30, 268),
(30, 269),
(30, 270),
(30, 271),
(30, 272),
(30, 273),
(30, 274),
(30, 275),
(30, 276),
(30, 277),
(30, 278),
(30, 279),
(30, 280),
(30, 281),
(30, 282),
(30, 283),
(30, 284),
(30, 285),
(30, 286),
(30, 287),
(30, 288),
(30, 289),
(30, 290),
(30, 291),
(30, 292),
(30, 293),
(30, 294),
(30, 295),
(30, 296),
(30, 297),
(30, 298),
(30, 299),
(30, 300),
(30, 301),
(30, 302),
(30, 303),
(30, 304),
(30, 305),
(30, 306),
(30, 307),
(30, 308),
(30, 309),
(30, 310),
(30, 311),
(30, 312),
(30, 313),
(30, 314),
(30, 315),
(30, 316),
(30, 317),
(30, 318),
(30, 319),
(30, 320),
(30, 321),
(30, 322),
(30, 323),
(30, 324),
(30, 325),
(30, 326),
(30, 327),
(30, 328),
(30, 329),
(30, 330),
(30, 331),
(30, 332),
(30, 333),
(30, 334),
(30, 335),
(30, 336),
(30, 337),
(30, 338),
(32, 114),
(32, 116),
(32, 117),
(32, 118),
(32, 119),
(37, 154),
(37, 155),
(37, 156),
(37, 157),
(37, 158),
(37, 159),
(37, 160),
(37, 161),
(40, 128),
(40, 129),
(40, 130),
(40, 131),
(40, 132),
(40, 133),
(40, 134),
(40, 135),
(40, 146),
(40, 147),
(40, 148),
(40, 149),
(40, 150),
(40, 151),
(40, 152),
(41, 136),
(41, 137),
(41, 138),
(41, 139),
(41, 140),
(41, 141),
(41, 142),
(41, 143),
(41, 144),
(41, 145),
(42, 342),
(43, 162),
(43, 163),
(43, 164),
(43, 165),
(43, 166),
(43, 167),
(43, 168),
(43, 169),
(43, 170),
(43, 171),
(43, 172),
(43, 173),
(43, 174),
(43, 175),
(43, 176),
(43, 177),
(43, 178),
(43, 179),
(43, 180);

-- --------------------------------------------------------

--
-- Table structure for table `members`
--

CREATE TABLE `members` (
  `id` int(11) NOT NULL,
  `uname` text NOT NULL,
  `pwd` text NOT NULL,
  `firstname` text NOT NULL,
  `lastname` text NOT NULL,
  `title` text NOT NULL,
  `degree` text NOT NULL,
  `degreeyear` int(11) NOT NULL,
  `fieldofstudy` text CHARACTER SET latin1 NOT NULL,
  `aafsstatus` int(11) NOT NULL,
  `institution` text NOT NULL,
  `yearsexperience` int(11) NOT NULL,
  `caseperyear` int(11) NOT NULL,
  `region` int(11) NOT NULL,
  `mailaddress` text NOT NULL,
  `mailaddress2` text CHARACTER SET latin1,
  `city` text CHARACTER SET latin1 NOT NULL,
  `state` text CHARACTER SET latin1 NOT NULL,
  `zip` text CHARACTER SET latin1 NOT NULL,
  `phone` text CHARACTER SET latin1,
  `lastlogin` date DEFAULT NULL,
  `permissionstatus` int(11) NOT NULL,
  `casessubmitted` int(11) NOT NULL,
  `caseswithdrawn` int(11) NOT NULL,
  `dateregistered` date NOT NULL,
  `totalcases` int(11) NOT NULL
) ENGINE=InnoDB DEFAULT CHARSET=utf8;

--
-- Dumping data for table `members`
--

INSERT INTO `members` (`id`, `uname`, `pwd`, `firstname`, `lastname`, `title`, `degree`, `degreeyear`, `fieldofstudy`, `aafsstatus`, `institution`, `yearsexperience`, `caseperyear`, `region`, `mailaddress`, `mailaddress2`, `city`, `state`, `zip`, `phone`, `lastlogin`, `permissionstatus`, `casessubmitted`, `caseswithdrawn`, `dateregistered`, `totalcases`) VALUES
(1, 'testname@test.com', 'fb8b85f34b29ba67180cc0c8158a9cde', 'Taylor', 'Hughes', 'Professor', 'Phd', 2009, '', 1, 'UIUC', 10, 5, 2, '1304 Broadmoor DrChampaign, IL', '', 'Champaign', 'IL', '61801', '', '2018-05-29', 1, 25, 0, '0000-00-00', 18),
(3, 'taylor.stanford@gmail.com', '6432b627d43ce474c86145fc56f26254', 'Taylor', 'Hughes', 'Dr', 'Phd', 2009, 'physics', 2, 'UIUC', 1, 3, 3, '1304 Broadmoor Dr', '', 'Champaign', 'IL', '61821', '6507045898', '2018-12-17', 2, 0, 0, '2014-06-10', 0),
(4, 'crisehughes@gmail.com', '6432b627d43ce474c86145fc56f26254', 'Cris', 'Hughes', 'Dr.', 'Phd', 2010, 'Anthropology', 1, 'UIUC', 4, 3, 3, '607 S. Matthews Ave', '109 Davenport Hall', 'Champaign', 'IL', '61821', '2173339694', '2017-04-19', 1, 1, 0, '2014-06-10', 1),
(13, 'brianspatola@gmail.com', '88a50f51c08dedff6866c1f3c1c28dfa', 'Brian', 'Spatola', 'Mr', 'MS', 2011, 'Forensic Anthropology', 6, 'National Museum of Health and Medicine', 17, 3, 1, '2500 Linden Lane', '', 'Silver Spring', 'MD', '20910', '3013193353', '2017-12-17', 1, 2, 0, '2014-07-10', 2),
(23, 'ltrammell@stlouisco.com', 'ac289073d226ead8f8baa956b3b9080d', 'Lindsay', 'Trammell', 'Forensic Anthropologist', 'Phd', 2012, 'Anthropology', 3, 'St. Louis County Office of the Medical Examiner', 4, 0, 3, '6059 N Hanley Rd', '', 'St. Louis', 'MO', '63134', '3146150809', '2017-06-21', 1, 10, 0, '2015-02-27', 12),
(24, 'kathropologist@mac.com', '8094f76e21fb5ff9f53ac20421ecb89c', 'Katharine', 'Pope', 'Forensic Investigator', 'MS', 2007, 'Anthropology', 3, 'OCME MD', 5, 5, 1, '424 Pinehurst Ave', '', 'Salisbury', 'MD', '21801', '5124973506', '2018-12-18', 1, 23, 0, '2015-02-27', 23),
(25, 'bridgeta@stanford.edu', '6caf84f11f32d5a98c67af891f8fb04b', 'Bridget', 'Algee-Hewitt', 'Research Scientist', 'Phd', 2011, '', 2, 'Stanford University', 0, 0, 2, 'Dept of Biology', '', 'Stanford', 'CA', '94305', '', NULL, 1, 0, 0, '2015-04-29', 0),
(26, 'amanda.b.lee2@gmail.com', 'a039b2952475226abcf38327b742279c', 'Amanda', 'Lee', 'Doctoral Student', 'BS', 2013, 'Biological Anthropology', 4, 'University of Illinois at Urbana-Champaign', 0, 0, 3, '304 Avondale Ave', '', 'Champaign', 'IL', '61820', '', '2015-06-01', 1, 0, 0, '2015-05-18', 0),
(27, 'lylek@illinois.edu', '381bcb36ddff3fbbf07d8863e53b62c5', 'Lyle', 'Konigsberg', 'Professor of Anthropology', 'Phd', 1987, 'Anthropology', 3, 'University of Illinois at Urbana-Champaign', 0, 0, 3, '109 Davenport Hall', '607 So. Mathews Ave., MC-148', 'Urbana', 'Illinois', '61801', '2176070004', NULL, 1, 0, 0, '2015-05-20', 0),
(30, 'badams@ocme.nyc.gov', '07139329bbc551205fd4a9181931dd21', 'bradley', 'adams', 'director, forensic anthropology', 'Phd', 2002, '', 6, 'NYC OCME', 0, 100, 1, '520 First Ave', '', 'ny', 'ny', '10016', '', '2017-11-30', 1, 156, 0, '2016-07-07', 157),
(31, 'sophiarose04@gmail.com', '4590503734bce80d19e8f72897953967', 'Sophia', 'Mavroudas', 'Coordinator', 'MS', 2011, 'Anthropology', 3, 'FACTS', 6, 4, 4, '601 University Drive', '', 'San Marcos', 'TX', '78666', '9089177759', NULL, 1, 0, 0, '2016-09-22', 0),
(32, 'cajuarez@ncsu.edu', '425ccb2bfe4125bb6e6588e5c4db7023', 'Chelsey', 'Juarez', 'Assistant Professor', 'Phd', 2011, 'Biological Anthropology / forensics', 3, 'North Carolina State University', 10, 30, 4, 'Department of Anthropology', 'Campus box 8107', 'Raleigh', 'North Carolina', '27695', '5106120673', '2018-09-06', 1, 4, 0, '2016-10-31', 5),
(33, 'pmojan@wichita.edu', 'e0af1ba8bbbd12f463199b3a96bd883a', 'Peer', 'MooreJansen', 'Professor & Chair', 'Phd', 1989, 'Biological Anthropology', 6, 'Wichita State University', 35, 15, 3, 'Department of Anthropology', '114 Neff Hall', 'Wichita', 'Kansas', '67260', '3169783195', NULL, 1, 0, 0, '2016-11-15', 0),
(34, 'ellingham.sarah@gmail.com', '0e0a8a19d7293dc983bfdef87b81a571', 'Sarah', 'Ellingham', 'Associate of the Forensic Services', 'Phd', 2016, 'Forensic Anthropology', 1, 'ICRC', 4, 2, 2, 'Thomas-Mann-Str. 39e', '', 'Schwarzenbek', 'Germany', '21493', '', '2017-01-06', 1, 0, 0, '2017-01-04', 0),
(35, 'curtinbk@gmail.com', '25c327e4cd2ab62d7e3484848c6a6e7d', 'Briana', 'Curtin', 'Instructor', 'MS', 2011, 'Anthropology-Forensics', 2, 'National Forensic Academy', 5, 2, 4, '8201 Carolina Way', 'Apt. 1138', 'Knoxville', 'TN', '37923', '8162628429', '2017-02-07', 1, 0, 0, '2017-02-06', 0),
(37, 'austin.associates@hotmail.com', '6c135b4bc8af9b8294905ae55e059a2a', 'Dana', 'Austin', 'Senior Forensic Anthropologist', 'Phd', 1996, 'Physical Anthropology', 6, 'Tarrant County Medical Examiners Office', 31, 65, 4, '200 Feliks Gwozdz Pl', '', 'Fort Worth', 'TX', '76104', '8169205700', '2017-07-24', 1, 7, 0, '2017-06-21', 8),
(38, 'xiancrowder@gmail.com', 'c148c365477933b66d5da06763a1ac02', 'Christian', 'Crowder', 'Director, Forensic Anthropology', 'Phd', 2005, '', 6, 'HCIFS', 0, 250, 4, '1861 Old Spanish Trail', '', 'Houston', 'TX', '77054', '', '2017-07-18', 1, 0, 0, '2017-06-21', 0),
(39, 'hwalsh@fgcu.edu', '3fb53d68bd3d39c6e30e57f5a64348c8', 'Heather', 'WalshHaney', 'Associate Professor and FA consultant', 'Phd', 2007, 'Anthropology', 6, 'Florida Gulf Coast University', 12, 80, 4, '10501 FGCU Blvd South', 'Merwin Hall Room 156', 'Fort Myers', 'FL', '33965', '9045359693', NULL, 1, 0, 0, '2017-06-22', 0),
(40, 'jservello@unt.edu', '7ba594283236dec39d74319e859d150b', 'John', 'Servello', 'Forensic Anthropologist', 'MS', 2010, 'Biology/Forensic Anthropology', 3, 'University of North Texas Health Science Center', 7, 68, 4, 'Center for Human Identification', '3500 Camp Bowie Rd', 'Fort Worth', 'TX', '76107', '9405654335', '2018-03-29', 1, 15, 0, '2017-06-22', 15),
(41, 'gallow@ucsc.edu', '4beabfe8aa2ffb84c8af8c1b7a5bd91b', 'Alison', 'Galloway', 'Professor', 'Phd', 1988, 'Anthropology', 6, 'UC Santa Cruz', 35, 20, 2, 'Social Sciences One FS', 'UCSC - 1156 High Street', 'Santa Cruz', 'CA', '95064', '8314624032', '2017-08-01', 1, 10, 0, '2017-07-01', 10),
(42, 'Lauren.zephro@santacruzcounty.us', 'e97a61ba2d2e97a1a10056c541ed1413', 'Lauren', 'Zephro', 'Forensic services manager', 'Phd', 2012, 'Physical Anthropology', 6, 'Santa Cruz sheriff', 20, 15, 2, '5200 soquel ave', '', 'Santa cruz', 'Ca', '95062', '8314547780', '2018-08-20', 1, 1, 0, '2017-07-02', 1),
(43, 'sharon.derrick@ifs.hctx.net', 'd135a905b8f13e508aaadc37a20d8928', 'Sharon', 'Derrick', 'Identification Manager/FA', 'Phd', 2001, 'Physical Anthropology', 6, 'Harris County Institute of Forensic Sciences', 11, 50, 4, '1861 Old Spanish Trail', '', 'Houston', 'TX', '77054', '8329275045', '2017-07-21', 1, 15, 0, '2017-07-14', 19),
(44, 'passala5@gmail.com', 'b4badf9a85e2cc4041b29709fcf4339e', 'Nicholas', 'Passalacqua', 'Assistant Professor', 'Phd', 2012, 'Anthropology', 5, 'Western Carolina University', 13, 3, 4, '101 McKee Building', 'Anth/Soc Department', 'Cullowhee', 'NC', '28723', '8282272306', NULL, 1, 0, 0, '2017-11-15', 0),
(48, 'mks@txstate.edu', '4e522e07ec29e6dda3e3dd5a4c64a12c', 'Kate', 'Spradley', 'Associate Professor', 'Phd', 2006, 'Anthropology', 6, 'Texas State University', 20, 50, 4, '601 University Drive', '', 'San Marcos', 'Texas', '78666', '5122458272', '2018-02-08', 1, 0, 0, '2018-02-08', 0),
(50, 'test3@Admiral.net', '5bbe21160ca9e0d77607120d70ea2c11', 'Admiral', 'Admiral', 'Admiral', 'Phd', 2015, '', 6, 'Star Navy', 0, 1, 3, '101 Tickles Dr', '', 'LOL', 'HI', '11111', '', '2018-02-17', 1, 0, 0, '2018-02-12', 0),
(51, 'rmthomas@fbi.gov', 'f64949831507133e15caa6faaa0252cf', 'Richard', 'Thomas', 'Forensic Examiner', 'Phd', 2001, 'Anthropology', 6, 'FBI Laboratory', 11, 25, 4, '2501 Investigation Parkway', '', 'Quantico', 'VA', '22135', '', '2018-02-26', 1, 0, 0, '2018-02-20', 0),
(52, 'mcalmons@tulane.edu', '5281809792caa3ea60d6647a98a3ee95', 'Melina', 'Calmon', 'Adjunct Faculty', 'MS', 2017, 'Forensic Anthropology', 1, 'Tulane University', 6, 2, 4, '6823 St. Charles Avenue', 'Dinwiddie Hall 101', 'New Orleans', 'Louisiana', '70118', '', '2018-03-27', 1, 0, 0, '2018-03-27', 0),
(53, 'jfbyrnes@hawaii.edu', 'c9ce912841cdffe3accfea8a89169549', 'Jennifer', 'Byrnes', 'Assistant Professor', 'Phd', 2015, 'Anthropology', 3, 'University of Hawaii - West Oahu', 3, 3, 2, '91-1001 Farrington Hwy', '', 'Kapolei', 'HI', '96707', '8086892394', NULL, 1, 0, 0, '2018-07-21', 0);

-- --------------------------------------------------------

--
-- Table structure for table `methodfeature`
--

CREATE TABLE `methodfeature` (
  `methodid` int(11) NOT NULL,
  `featureid` int(11) NOT NULL,
  `measurementtype` text CHARACTER SET utf8 NOT NULL
) ENGINE=InnoDB DEFAULT CHARSET=latin1;

--
-- Dumping data for table `methodfeature`
--

INSERT INTO `methodfeature` (`methodid`, `featureid`, `measurementtype`) VALUES
(1, 44, ''),
(1, 45, ''),
(2, 28, ''),
(2, 29, ''),
(2, 27, ''),
(2, 42, ''),
(2, 23, ''),
(2, 24, ''),
(2, 47, ''),
(2, 48, ''),
(2, 51, ''),
(2, 52, ''),
(3, 44, ''),
(3, 45, ''),
(4, 5, ''),
(4, 6, ''),
(5, 5, ''),
(5, 6, ''),
(6, 5, ''),
(6, 6, ''),
(7, 44, ''),
(7, 45, ''),
(8, 7, ''),
(8, 8, ''),
(8, 9, ''),
(8, 10, ''),
(8, 11, ''),
(8, 12, ''),
(8, 13, ''),
(8, 14, ''),
(8, 15, ''),
(8, 16, ''),
(8, 17, ''),
(8, 18, ''),
(8, 19, ''),
(8, 20, ''),
(8, 21, ''),
(8, 22, ''),
(8, 33, ''),
(8, 34, ''),
(8, 35, ''),
(8, 36, ''),
(8, 37, '8'),
(8, 38, ''),
(8, 39, ''),
(8, 40, ''),
(9, 44, ''),
(9, 45, ''),
(10, 45, ''),
(10, 44, ''),
(11, 44, ''),
(11, 45, ''),
(12, 5, ''),
(13, 7, ''),
(13, 8, ''),
(13, 9, ''),
(13, 10, ''),
(13, 11, ''),
(13, 12, ''),
(13, 13, ''),
(13, 14, ''),
(13, 15, ''),
(13, 16, ''),
(13, 17, ''),
(13, 18, ''),
(13, 19, ''),
(13, 20, ''),
(13, 21, ''),
(13, 22, ''),
(13, 33, ''),
(13, 34, ''),
(13, 35, ''),
(13, 36, ''),
(13, 37, ''),
(13, 38, ''),
(13, 39, ''),
(13, 40, ''),
(17, 28, ''),
(17, 29, ''),
(17, 30, ''),
(17, 31, ''),
(17, 32, ''),
(17, 41, ''),
(17, 47, ''),
(17, 48, ''),
(17, 51, ''),
(17, 52, ''),
(17, 53, ''),
(17, 54, ''),
(18, 28, ''),
(18, 29, ''),
(18, 30, ''),
(18, 31, ''),
(18, 32, ''),
(18, 41, ''),
(18, 47, ''),
(18, 48, ''),
(18, 51, ''),
(18, 52, ''),
(18, 53, ''),
(18, 54, ''),
(19, 5, ''),
(19, 6, ''),
(19, 28, ''),
(19, 29, ''),
(19, 30, ''),
(19, 31, ''),
(19, 32, ''),
(19, 41, ''),
(19, 42, ''),
(19, 27, ''),
(19, 48, ''),
(19, 49, ''),
(19, 51, ''),
(19, 52, ''),
(19, 53, ''),
(19, 54, ''),
(20, 5, ''),
(20, 6, ''),
(21, 5, ''),
(22, 5, ''),
(14, 56, ''),
(14, 57, ''),
(14, 58, ''),
(14, 59, ''),
(14, 60, ''),
(14, 61, ''),
(14, 62, ''),
(14, 63, ''),
(14, 64, ''),
(14, 65, ''),
(14, 66, ''),
(14, 67, ''),
(14, 68, ''),
(14, 69, ''),
(14, 70, ''),
(14, 71, ''),
(14, 72, ''),
(14, 73, ''),
(14, 74, ''),
(14, 75, ''),
(14, 76, ''),
(14, 77, ''),
(14, 78, ''),
(14, 79, ''),
(14, 80, ''),
(14, 81, ''),
(14, 82, ''),
(14, 83, ''),
(14, 84, ''),
(14, 85, ''),
(14, 86, ''),
(14, 87, ''),
(15, 56, ''),
(15, 71, ''),
(15, 72, ''),
(15, 87, '');

-- --------------------------------------------------------

--
-- Table structure for table `methodphase`
--

CREATE TABLE `methodphase` (
  `methodid` int(11) NOT NULL,
  `featureid` int(11) NOT NULL,
  `phaseid` int(11) NOT NULL
) ENGINE=InnoDB DEFAULT CHARSET=latin1;

--
-- Dumping data for table `methodphase`
--

INSERT INTO `methodphase` (`methodid`, `featureid`, `phaseid`) VALUES
(7, 44, 1),
(7, 44, 2),
(7, 44, 3),
(7, 44, 4),
(7, 44, 5),
(7, 44, 6),
(7, 44, 7),
(7, 44, 8),
(7, 44, 9),
(7, 44, 10),
(7, 44, 11),
(7, 44, 12),
(7, 45, 1),
(7, 45, 2),
(7, 45, 3),
(7, 45, 4),
(7, 45, 5),
(7, 45, 6),
(7, 45, 7),
(7, 45, 8),
(7, 45, 9),
(7, 45, 10),
(7, 45, 11),
(7, 45, 12),
(1, 44, 81),
(1, 44, 82),
(1, 44, 83),
(1, 44, 84),
(1, 44, 85),
(1, 44, 86),
(1, 45, 81),
(1, 45, 82),
(1, 45, 83),
(1, 45, 84),
(1, 45, 85),
(1, 45, 86),
(3, 44, 87),
(3, 44, 88),
(3, 44, 89),
(3, 44, 90),
(3, 44, 91),
(3, 44, 92),
(3, 44, 93),
(3, 44, 94),
(3, 44, 95),
(3, 44, 96),
(3, 44, 97),
(3, 44, 98),
(3, 44, 99),
(3, 44, 100),
(3, 44, 101),
(3, 45, 87),
(3, 45, 88),
(3, 45, 89),
(3, 45, 90),
(3, 45, 91),
(3, 45, 92),
(3, 45, 93),
(3, 45, 94),
(3, 45, 95),
(3, 45, 96),
(3, 45, 97),
(3, 45, 98),
(3, 45, 99),
(3, 45, 100),
(3, 45, 101),
(4, 5, 102),
(4, 5, 103),
(4, 5, 104),
(4, 5, 105),
(4, 5, 106),
(4, 5, 107),
(4, 5, 108),
(4, 5, 109),
(4, 5, 110),
(4, 5, 111),
(4, 5, 117),
(4, 5, 118),
(4, 5, 119),
(4, 5, 120),
(4, 5, 121),
(4, 5, 122),
(4, 5, 123),
(4, 5, 124),
(4, 5, 125),
(4, 5, 126),
(4, 6, 112),
(4, 6, 113),
(4, 6, 114),
(4, 6, 115),
(4, 6, 116),
(8, 7, 1),
(8, 7, 2),
(8, 7, 3),
(8, 7, 4),
(8, 7, 5),
(8, 7, 6),
(8, 7, 15),
(8, 7, 7),
(8, 7, 8),
(8, 7, 9),
(8, 7, 10),
(8, 7, 11),
(8, 7, 12),
(8, 7, 14),
(8, 37, 1),
(8, 37, 2),
(8, 37, 3),
(8, 37, 4),
(8, 37, 5),
(8, 37, 6),
(8, 37, 15),
(8, 37, 7),
(8, 37, 8),
(8, 37, 9),
(8, 37, 10),
(8, 37, 11),
(8, 37, 12),
(8, 37, 14),
(8, 8, 1),
(8, 8, 2),
(8, 8, 3),
(8, 8, 4),
(8, 8, 5),
(8, 8, 6),
(8, 8, 15),
(8, 8, 7),
(8, 8, 8),
(8, 8, 9),
(8, 8, 10),
(8, 8, 11),
(8, 8, 12),
(8, 8, 14),
(8, 9, 1),
(8, 9, 2),
(8, 9, 3),
(8, 9, 4),
(8, 9, 5),
(8, 9, 6),
(8, 9, 15),
(8, 9, 7),
(8, 9, 8),
(8, 9, 9),
(8, 9, 10),
(8, 9, 11),
(8, 9, 12),
(8, 9, 14),
(8, 10, 1),
(8, 10, 2),
(8, 10, 3),
(8, 10, 4),
(8, 10, 5),
(8, 10, 6),
(8, 10, 15),
(8, 10, 7),
(8, 10, 8),
(8, 10, 9),
(8, 10, 10),
(8, 10, 11),
(8, 10, 12),
(8, 10, 14),
(8, 11, 1),
(8, 11, 2),
(8, 11, 3),
(8, 11, 4),
(8, 11, 5),
(8, 11, 6),
(8, 11, 15),
(8, 11, 7),
(8, 11, 8),
(8, 11, 9),
(8, 11, 10),
(8, 11, 11),
(8, 11, 12),
(8, 11, 14),
(8, 12, 1),
(8, 12, 2),
(8, 12, 3),
(8, 12, 4),
(8, 12, 5),
(8, 12, 6),
(8, 12, 15),
(8, 12, 7),
(8, 12, 8),
(8, 12, 9),
(8, 12, 10),
(8, 12, 11),
(8, 12, 12),
(8, 12, 14),
(8, 13, 1),
(8, 13, 2),
(8, 13, 3),
(8, 13, 4),
(8, 13, 5),
(8, 13, 6),
(8, 13, 15),
(8, 13, 7),
(8, 13, 8),
(8, 13, 9),
(8, 13, 10),
(8, 13, 11),
(8, 13, 12),
(8, 13, 14),
(8, 14, 1),
(8, 14, 2),
(8, 14, 3),
(8, 14, 4),
(8, 14, 5),
(8, 14, 6),
(8, 14, 15),
(8, 14, 7),
(8, 14, 8),
(8, 14, 9),
(8, 14, 10),
(8, 14, 11),
(8, 14, 12),
(8, 14, 14),
(9, 44, 1),
(9, 44, 2),
(9, 44, 3),
(9, 44, 4),
(9, 44, 5),
(9, 44, 6),
(9, 44, 15),
(9, 44, 7),
(9, 44, 8),
(9, 44, 9),
(9, 44, 10),
(9, 44, 11),
(9, 44, 12),
(9, 44, 14),
(9, 45, 1),
(9, 45, 2),
(9, 45, 3),
(9, 45, 4),
(9, 45, 5),
(9, 45, 6),
(9, 45, 15),
(9, 45, 7),
(9, 45, 8),
(9, 45, 9),
(9, 45, 10),
(9, 45, 11),
(9, 45, 12),
(9, 45, 14),
(10, 44, 49),
(10, 44, 50),
(10, 44, 51),
(10, 44, 52),
(10, 44, 53),
(10, 44, 54),
(10, 45, 49),
(10, 45, 50),
(10, 45, 51),
(10, 45, 52),
(10, 45, 53),
(10, 45, 54),
(11, 44, 17),
(11, 44, 18),
(11, 44, 19),
(11, 44, 20),
(11, 44, 21),
(11, 44, 22),
(11, 44, 23),
(11, 44, 24),
(11, 45, 17),
(11, 45, 18),
(11, 45, 19),
(11, 45, 20),
(11, 45, 21),
(11, 45, 22),
(11, 45, 23),
(11, 45, 24),
(12, 5, 33),
(12, 5, 34),
(12, 5, 35),
(12, 5, 36),
(12, 5, 37),
(12, 5, 38),
(12, 5, 39),
(12, 5, 40),
(12, 5, 41),
(12, 5, 42),
(12, 5, 43),
(12, 5, 44),
(12, 5, 45),
(12, 5, 46),
(12, 5, 47),
(12, 5, 48),
(13, 7, 1),
(13, 7, 2),
(13, 7, 3),
(13, 7, 4),
(13, 7, 5),
(13, 7, 6),
(13, 7, 14),
(13, 7, 13),
(13, 37, 1),
(13, 37, 2),
(13, 37, 3),
(13, 37, 4),
(13, 37, 5),
(13, 37, 6),
(13, 37, 15),
(13, 37, 13),
(13, 8, 1),
(13, 8, 2),
(13, 8, 3),
(13, 8, 4),
(13, 8, 5),
(13, 8, 6),
(13, 8, 15),
(13, 8, 13),
(13, 9, 1),
(13, 9, 2),
(13, 9, 3),
(13, 9, 4),
(13, 9, 5),
(13, 9, 6),
(13, 9, 15),
(13, 9, 13),
(13, 10, 1),
(13, 10, 2),
(13, 10, 3),
(13, 10, 4),
(13, 10, 5),
(13, 10, 6),
(13, 10, 15),
(13, 10, 13),
(13, 38, 1),
(13, 38, 2),
(13, 38, 3),
(13, 38, 4),
(13, 38, 5),
(13, 38, 6),
(13, 38, 15),
(13, 38, 13),
(13, 11, 1),
(13, 11, 2),
(13, 11, 3),
(13, 11, 4),
(13, 11, 5),
(13, 11, 6),
(13, 11, 15),
(13, 11, 13),
(13, 12, 1),
(13, 12, 2),
(13, 12, 3),
(13, 12, 4),
(13, 12, 5),
(13, 12, 6),
(13, 12, 15),
(13, 12, 13),
(23, 7, 7),
(23, 7, 8),
(23, 7, 9),
(23, 7, 10),
(23, 7, 11),
(23, 7, 12),
(23, 7, 14),
(23, 7, 16),
(23, 37, 7),
(23, 37, 8),
(23, 37, 9),
(23, 37, 10),
(23, 37, 11),
(23, 37, 12),
(23, 37, 14),
(23, 37, 16),
(23, 8, 7),
(23, 8, 8),
(23, 8, 9),
(23, 8, 10),
(23, 8, 11),
(23, 8, 12),
(23, 8, 14),
(23, 8, 16),
(23, 9, 7),
(23, 9, 8),
(23, 9, 9),
(23, 9, 10),
(23, 9, 11),
(23, 9, 12),
(23, 9, 14),
(23, 9, 16),
(23, 10, 7),
(23, 10, 8),
(23, 10, 9),
(23, 10, 10),
(23, 10, 11),
(23, 10, 12),
(23, 10, 14),
(23, 10, 16),
(23, 38, 7),
(23, 38, 8),
(23, 38, 9),
(23, 38, 10),
(23, 38, 11),
(23, 38, 12),
(23, 38, 14),
(23, 38, 16),
(23, 11, 7),
(23, 11, 8),
(23, 11, 9),
(23, 11, 10),
(23, 11, 11),
(23, 11, 12),
(23, 11, 14),
(23, 11, 16),
(23, 12, 7),
(23, 12, 8),
(23, 12, 9),
(23, 12, 10),
(23, 12, 11),
(23, 12, 12),
(23, 12, 14),
(23, 12, 16),
(14, 56, 57),
(14, 56, 58),
(14, 56, 59),
(14, 56, 60),
(14, 56, 61),
(14, 56, 62),
(14, 56, 63),
(14, 56, 64),
(14, 56, 65),
(14, 56, 66),
(14, 56, 67),
(14, 56, 68),
(14, 56, 69),
(14, 57, 57),
(14, 57, 58),
(14, 57, 59),
(14, 57, 60),
(14, 57, 61),
(14, 57, 62),
(14, 57, 63),
(14, 57, 64),
(14, 57, 65),
(14, 57, 66),
(14, 57, 67),
(14, 57, 68),
(14, 57, 69),
(14, 58, 57),
(14, 58, 58),
(14, 58, 59),
(14, 58, 60),
(14, 58, 61),
(14, 58, 62),
(14, 58, 63),
(14, 58, 64),
(14, 58, 65),
(14, 58, 66),
(14, 58, 67),
(14, 58, 68),
(14, 58, 69),
(14, 59, 57),
(14, 59, 58),
(14, 59, 59),
(14, 59, 60),
(14, 59, 61),
(14, 59, 62),
(14, 59, 63),
(14, 59, 64),
(14, 59, 65),
(14, 59, 66),
(14, 59, 67),
(14, 59, 68),
(14, 59, 69),
(14, 60, 57),
(14, 60, 58),
(14, 60, 59),
(14, 60, 60),
(14, 60, 61),
(14, 60, 62),
(14, 60, 63),
(14, 60, 64),
(14, 60, 65),
(14, 60, 65),
(14, 60, 66),
(14, 60, 67),
(14, 60, 68),
(14, 60, 69),
(14, 61, 57),
(14, 61, 58),
(14, 61, 59),
(14, 61, 60),
(14, 61, 61),
(14, 61, 62),
(14, 61, 63),
(14, 61, 64),
(14, 61, 65),
(14, 61, 66),
(14, 61, 67),
(14, 61, 68),
(14, 61, 69),
(14, 62, 57),
(14, 62, 58),
(14, 62, 59),
(14, 62, 60),
(14, 62, 61),
(14, 62, 62),
(14, 62, 63),
(14, 62, 64),
(14, 62, 65),
(14, 62, 66),
(14, 62, 67),
(14, 62, 68),
(14, 62, 69),
(14, 63, 57),
(14, 63, 58),
(14, 63, 59),
(14, 63, 60),
(14, 63, 61),
(14, 63, 62),
(14, 63, 63),
(14, 63, 64),
(14, 63, 65),
(14, 63, 66),
(14, 63, 67),
(14, 63, 68),
(14, 63, 69),
(14, 64, 57),
(14, 64, 58),
(14, 64, 59),
(14, 64, 60),
(14, 64, 61),
(14, 64, 62),
(14, 64, 63),
(14, 64, 64),
(14, 64, 65),
(14, 64, 66),
(14, 64, 67),
(14, 64, 68),
(14, 64, 69),
(14, 65, 57),
(14, 65, 58),
(14, 65, 59),
(14, 65, 60),
(14, 65, 61),
(14, 65, 62),
(14, 65, 63),
(14, 65, 64),
(14, 65, 65),
(14, 65, 66),
(14, 65, 67),
(14, 65, 68),
(14, 65, 69),
(14, 66, 57),
(14, 66, 58),
(14, 66, 59),
(14, 66, 60),
(14, 66, 61),
(14, 66, 62),
(14, 66, 63),
(14, 66, 64),
(14, 66, 65),
(14, 66, 66),
(14, 66, 67),
(14, 66, 68),
(14, 66, 69),
(14, 67, 57),
(14, 67, 58),
(14, 67, 59),
(14, 67, 60),
(14, 67, 61),
(14, 67, 62),
(14, 67, 63),
(14, 67, 64),
(14, 67, 65),
(14, 67, 65),
(14, 67, 66),
(14, 67, 67),
(14, 67, 68),
(14, 67, 69),
(15, 56, 25),
(15, 56, 26),
(15, 56, 27),
(15, 56, 28),
(15, 56, 29),
(15, 56, 30),
(15, 56, 31),
(15, 56, 32),
(15, 71, 25),
(15, 71, 26),
(15, 71, 27),
(15, 71, 28),
(15, 71, 29),
(15, 71, 30),
(15, 71, 31),
(15, 71, 32),
(15, 72, 25),
(15, 72, 26),
(15, 72, 27),
(15, 72, 28),
(15, 72, 29),
(15, 72, 30),
(15, 72, 31),
(15, 72, 32),
(15, 87, 25),
(15, 87, 26),
(15, 87, 27),
(15, 87, 28),
(15, 87, 29),
(15, 87, 30),
(15, 87, 31),
(15, 87, 32);

-- --------------------------------------------------------

--
-- Table structure for table `methods`
--

CREATE TABLE `methods` (
  `id` int(11) NOT NULL,
  `methodname` text CHARACTER SET latin1 NOT NULL,
  `methodtype` text CHARACTER SET latin1 NOT NULL,
  `methodtypenum` int(11) NOT NULL,
  `measurementtype` text CHARACTER SET latin1 NOT NULL,
  `description` text,
  `instructions` text CHARACTER SET latin1
) ENGINE=InnoDB DEFAULT CHARSET=utf8;

--
-- Dumping data for table `methods`
--

INSERT INTO `methods` (`id`, `methodname`, `methodtype`, `methodtypenum`, `measurementtype`, `description`, `instructions`) VALUES
(1, 'Phenice 1969 (os pubis, nonmetric)', 'Sex', 1, 'PHENICE 1969 (sex, os pubis, nonmetric)', 'article title', 'none'),
(2, 'Tise et al. 2013 (postcranial, metric)', 'Sex', 1, 'TISE ET AL. 2013 (sex, postcranial, metric)', NULL, NULL),
(3, 'Klales et al. 2012 (os pubis, nonmetric)', 'Sex', 1, 'KLALES ET AL 2012 (sex, os pubis, nonmetric)', NULL, NULL),
(4, 'Ascadi and Nemereski 1970 (skull, nonmetric)', 'Sex', 1, 'ASCADI & NEMERESKI 1970 (sex, skull, nonmetric)', NULL, NULL),
(5, 'Buikstra and Ubelaker 1994 (skull, nonmetric)', 'Sex', 1, 'BUIKSTRA & UBELAKER 1994 (sex, skull, nonmetric)', NULL, NULL),
(6, 'Walker 2008 (skull, metric)', 'Sex', 1, 'WALKER 2008 (sex, skull, metric)', NULL, NULL),
(7, 'Brooks and Suchey 1990 (os pubis, nonmetric)', 'Age', 2, 'BROOKS & SUCHEY 1990 (age, os pubis, nonmetric)', NULL, NULL),
(8, 'Hartnett 2010 (ribs, nonmetric)', 'Age', 2, 'HARTNETT 2012 (age, ribs, nonmetric) ', NULL, NULL),
(9, 'Hartnett 2010 (os pubis, nonmetric)', 'Age', 2, 'HARTNETT 2012 (age, os pubis, nonmetric)', NULL, NULL),
(10, 'Osborne et al. 2004 (os coxa, nonmetric)', 'Age', 2, 'OSBOURNE ET AL 2004 (age, os coxa, nonmetric)', NULL, NULL),
(11, 'Lovejoy et al. 1985 (os coxa, nonmetric)', 'Age', 2, 'LOVEJOY ET AL 1985 (os coxa, nonmetric)', NULL, NULL),
(12, 'Meindl and Lovejoy 1985 (sutures, nonmetric)', 'Age', 2, 'MEINDL & LOVEJOY 1985 (age, cranium nonmetric)', NULL, NULL),
(13, 'Iscan et al. 1984 (White male, ribs, nonmetric)', 'Age', 2, 'ISCAN ET AL 1984 (age, ribs, nonmetric)', NULL, NULL),
(14, 'Moorrees et al. 1963 (dentition, nonmetric)', 'Age', 2, 'MOORREES ET AL 1963 (age, dentition, nonmetric)', NULL, NULL),
(15, 'Mincer et al. 1993 (third molar, nonmetric)', 'Age', 2, 'MINCER ET AL 1993 (age, third molar, nonmetric)', NULL, NULL),
(16, 'Demirjian et al. 1973 (dentition, nonmetric)', 'Age', 2, 'DEMIRJIAN ET AL. 1973 (age, dentition, nonmetric) ', NULL, NULL),
(17, 'Sjovold 1990 (long bones, metric)', 'Stature', 4, 'SJOVOLD 1990 (stature, long bones, metric)', NULL, NULL),
(18, 'Fordisc (long bones, metric)', 'Stature', 4, 'FORDISC (stature, long bones, metric)', '', NULL),
(19, 'Fordisc (skull, metric)', 'Sex', 1, 'FORDISC (sex, skull, metric)', NULL, NULL),
(20, 'Fordisc (skull, metric)', 'Ancestry', 3, 'FORDISC (ancestry, skull, metric)', '', NULL),
(21, 'Rhine 1990 (skull, nonmetric)', 'Ancestry', 3, 'RHINE 1990 (ancestry, skull, nonmetric)', NULL, NULL),
(22, 'Hefner 2010 (skull, nonmetric)', 'Ancestry', 3, 'HEFNER 2010 (ancestry, skull, nonmetric)', NULL, NULL),
(23, 'Iscan et al. 1985 (White females, ribs, nonmetric)', 'Age', 2, 'ISCAN ET AL 1985 White females (age, ribs, nonmetric)', NULL, NULL),
(24, 'Generalized Morphology (skeleton, nonmetric)', 'Sex', 1, 'Generalized Morphology (sex, skeleton, nonmetric)', NULL, NULL),
(25, 'Iscan et al. 1987 (American Black males and females, ribs, nonmetric)', 'Age', 2, 'ISCAN ET AL. 1987 American Black males and females (age, ribs, nonmetric)', NULL, NULL),
(26, 'Soft Tissue Morphology (nonmetric) ', 'Sex', 1, 'Soft Tissue Morphology (sex, nonmetric) ', NULL, NULL),
(27, 'Buckberry and Chamberlain 2002 (ilium, nonmetric)', 'Age', 2, 'BUCKBERRY & CHAMBERLAIN 2002 (age, ilium, nonmetric)', NULL, NULL),
(28, 'DiGangi et al. 2008 (rib, nonmetric)', 'Age', 2, 'DIGANGI ET AL 2008 (age, rib, nonmetric)', NULL, NULL),
(29, 'Langley-Shirley and Jantz 2010 (clavicle, nonmetric)', 'Age', 2, 'LANGLEY-SHIRLEY & JANTZ 2010 (age, clavicle, nonmetric)', NULL, NULL),
(30, 'Langley et al. 2016 (metric)', 'Age', 2, 'LANGLEY ET AL 2016 (age, metric)', NULL, NULL),
(31, 'Albert and Maples 1995 (vertebrae, nonmetric)', 'Age', 2, 'Albert & Maples 1995 (age, vertebrae, nonmetric)', NULL, NULL),
(32, 'Owings, Webb, & Suchey 1985 (clavicle, nonmetric)', 'Age', 2, 'OWINGS, WEBB, & SUCHEY 1985 (age, clavicle, nonmetric)', NULL, NULL),
(33, 'Rios and Cardoso 2009 (rib, nonmetric)', 'Age', 2, 'Rios and Cardoso 2009 (age, rib, nonmetric)', NULL, NULL),
(34, 'Ousley 1995 (long bones, metric)', 'Stature', 4, 'OUSLEY 1995 (stature, long bones, metric)', NULL, NULL),
(35, 'Trotter and Glesser 1952 (long bones, metric)', 'Stature', 4, 'TROTTER AND GLESSER 1952 (stature, long bones, metric)', NULL, NULL),
(36, 'Trotter 1970 (long bones, metric)', 'Stature', 4, 'TROTTER 1970 (stature, long bones, metric)', NULL, NULL),
(37, 'Steele 1970 (long bones, metric)', 'Stature', 4, 'STEELE 1970 (stature, long bones, metric)', NULL, NULL),
(38, 'Simmons 1990 (long bones, metric)', 'Stature', 4, 'SIMMONS 1990 (stature, long bones, metric)', NULL, NULL),
(39, 'Spradley et al. 2008 (long bones, metric)', 'Stature', 4, 'SPRADLEY ET AL 2008 (stature, long bones, metric)', NULL, NULL),
(40, 'Smith 2007 (long bones, metric)', 'Stature', 4, 'SMITH 2007 (stature, long bones, metric)', NULL, NULL),
(41, 'Ruff 2007 (femur, metric)', 'Stature', 4, 'RUFF 2007 (stature, femur, metric)', NULL, NULL),
(42, 'Genoves 1967 (long bones, metric)', 'Stature', 4, 'GENOVES 1967 (stature, long bones, metric)', NULL, NULL),
(43, 'Rejtarova et al. 2009 (costal cartilage, nonmetric)', 'Age', 2, 'REJTAROVA ET AL. 2002 (age, costal cartilage, non metric)', NULL, NULL),
(44, 'Mann et al. 1991 (cranium, nonmetric)', 'Age', 2, 'MANN ET AL. 1991 (age, cranium, nonmetric)', NULL, NULL),
(45, 'Beauthier et al. 2010 (cranium, nonmetric)', 'Age', 2, 'BEAUTHIER ET AL. 2010 (age, cranium, nonmetric)', NULL, NULL),
(46, 'Mann and Lovejoy 1985 (os coxa, nonmetric)', 'Age', 2, 'MANN AND LOVEJOY 1985 (age, os coxa, non metric)', NULL, NULL),
(47, 'Passalacqua 2009 (sacrum, nonmetric)', 'Age', 2, 'PASSALACQUA 2009 (age, sacrum, nonmetric)', NULL, NULL),
(48, 'DiGangi et al. 2009 (first rib, nonmetric)', 'Age', 2, 'DIGANGI ET AL 2009 (age, first rib, nonmetric)', NULL, NULL),
(49, 'Garvin 2008 (cartilage, nonmetric)', 'Age', 2, 'GARVIN 2008 (age, cartilage, nonmetric)', NULL, NULL),
(50, 'Scheuer and Black 2006 (skeleton, metric)', 'Age', 2, 'SCHEUER AND BLACK 2006 (age, skeleton, metric)', NULL, NULL),
(51, 'Slice and Ross 2009 (cranium, metric)', 'Ancestry', 3, 'SLICE AND ROSS 2009 (ancestry, cranium, metric)', NULL, NULL),
(52, 'Slice and Ross 2009 (cranium, metric)', 'Sex', 1, 'SLICE AND ROSS 2009 (sex, cranium, metric)', NULL, NULL),
(53, 'Webb and Suchey 1985 (os coxa and clavicle, nonmetric)', 'Age', 2, 'WEBB AND SUCHEY 1985 (age, os coxa and clavicle, nonmetric)', NULL, NULL),
(54, 'Lamendin et al. 1992 (dentition, metric)', 'Age', 2, 'LAMENDIN ET AL. 1992 (age, dentition, metric)', NULL, NULL),
(55, 'Scheuer and Black 2006 (skeleton, nonmetric)', 'Age', 2, '', 'Scheuer and Black 2006 (Age, skeleton, nonmetric)', NULL);

-- --------------------------------------------------------

--
-- Table structure for table `phase`
--

CREATE TABLE `phase` (
  `id` int(11) NOT NULL,
  `phasename` text CHARACTER SET utf8 COLLATE utf8_bin NOT NULL
) ENGINE=InnoDB DEFAULT CHARSET=latin1;

--
-- Dumping data for table `phase`
--

INSERT INTO `phase` (`id`, `phasename`) VALUES
(1, 'Phase I (Male)'),
(2, 'Phase II (Male)'),
(3, 'Phase III (Male)'),
(4, 'Phase IV (Male)'),
(5, 'Phase V (Male)'),
(6, 'Phase VI (Male)'),
(7, 'Phase I (Female)'),
(8, 'Phase II (Female)'),
(9, 'Phase III (Female)'),
(10, 'Phase IV (Female)'),
(11, 'Phase V (Female)'),
(12, 'Phase VI (Female)'),
(13, 'Phase VIII (Male)'),
(14, 'Phase VII (Female)'),
(15, 'Phase VII (Male)'),
(16, 'Phase VIII (Female)'),
(17, 'Stage 1 '),
(18, 'Stage 2'),
(19, 'Stage 3'),
(20, 'Stage 4'),
(21, 'Stage 5'),
(22, 'Stage 6'),
(23, 'Stage 7'),
(24, 'Stage 8'),
(25, 'Stage A'),
(26, 'Stage B'),
(27, 'Stage C'),
(28, 'Stage D'),
(29, 'Stage E'),
(30, 'Stage F'),
(31, 'Stage G'),
(32, 'Stage H'),
(33, 'L-A Sutures: Score 0'),
(34, 'L-A Sutures: Score 1'),
(35, 'L-A Sutures: Score 2'),
(36, 'L-A Sutures: Score 3-5'),
(37, 'L-A Sutures: Score 6'),
(38, 'L-A Sutures: Score 7-8'),
(39, 'L-A Sutures: Score 9-10'),
(40, 'L-A Sutures: Score 11-14'),
(41, 'L-A Sutures: Score 15'),
(42, 'Ectocran: Score 1-2'),
(43, 'Ectocran: Score 3-6'),
(44, 'Ectocran: Score 7-11'),
(45, 'Ectocran: Score 12-15'),
(46, 'Ectocran: Score 16-18'),
(47, 'Ectocran: Score 19-20'),
(48, 'Ectocran: Score 21'),
(49, 'Phase I'),
(50, 'Phase II'),
(51, 'Phase III'),
(52, 'Phase IV'),
(53, 'Phase V'),
(54, 'Phase VI'),
(55, 'Phase VII'),
(56, 'Phase VIII'),
(57, 'Ci'),
(58, 'Cco'),
(59, 'Coc'),
(60, 'Cr1/2'),
(61, 'Cr3/4'),
(62, 'Crc'),
(63, 'Ri'),
(64, 'Cii'),
(65, 'R1/4'),
(66, 'R3/4'),
(67, 'Rc'),
(68, 'A1/2'),
(69, 'Ac'),
(70, 'Score 3'),
(71, 'Score 4'),
(72, 'Score 5'),
(73, 'Round'),
(74, 'Rectangular'),
(75, 'Sloping'),
(76, 'Narrow'),
(77, 'Intermediate'),
(78, 'Wide'),
(79, 'Present'),
(80, 'Absent'),
(81, 'VA: Present'),
(82, 'VA: Absent'),
(83, 'SPC: Present'),
(84, 'SPC: Absent'),
(85, 'IPR: Present'),
(86, 'IPR: Absent'),
(87, 'VA: 1'),
(88, 'VA: 2'),
(89, 'VA: 3'),
(90, 'VA: 4'),
(91, 'VA: 5'),
(92, 'SPC: 2'),
(93, 'SPC: 3'),
(94, 'SPC: 4'),
(95, 'SPC: 5'),
(96, 'IPR: 1'),
(97, 'IPR: 2'),
(98, 'IPR: 3'),
(99, 'IPR: 4'),
(100, 'IPR: 5'),
(101, 'SPC: 1'),
(102, 'Nuchal Crest: 1'),
(103, 'Nuchal Crest: 2'),
(104, 'Nuchal Crest: 3'),
(105, 'Nuchal Crest: 4'),
(106, 'Nuchal Crest: 5'),
(107, 'Mastoid: 1'),
(108, 'Mastoid: 2'),
(109, 'Mastoid: 3'),
(110, 'Mastoid: 4'),
(111, 'Mastoid: 5'),
(112, 'Mental Em: 1'),
(113, 'Mental Em: 2'),
(114, 'Mental Em: 3'),
(115, 'Mental Em: 4'),
(116, 'Mental Em: 5'),
(117, 'SO Margin: 1 '),
(118, 'SO Margin: 2'),
(119, 'SO Margin: 3'),
(120, 'SO Margin: 4'),
(121, 'So Margin: 5'),
(122, 'Glabella: 1'),
(123, 'Glabella: 2'),
(124, 'Glabella: 3'),
(125, 'Glabella: 4'),
(126, 'Glabella: 5'),
(127, 'None');

-- --------------------------------------------------------

--
-- Table structure for table `regions`
--

CREATE TABLE `regions` (
  `id` int(11) NOT NULL,
  `name` text CHARACTER SET utf8 NOT NULL
) ENGINE=InnoDB DEFAULT CHARSET=latin1;

--
-- Dumping data for table `regions`
--

INSERT INTO `regions` (`id`, `name`) VALUES
(1, 'Northeast'),
(2, 'West'),
(3, 'Midwest'),
(4, 'South');

-- --------------------------------------------------------

--
-- Table structure for table `simplecase`
--

CREATE TABLE `simplecase` (
  `id` int(11) NOT NULL,
  `name` text CHARACTER SET utf8 NOT NULL,
  `user` text CHARACTER SET utf8 NOT NULL,
  `datestarted` date NOT NULL,
  `datemodified` date NOT NULL,
  `datesubmitted` date NOT NULL,
  `datewithdrawn` date NOT NULL,
  `agefa` float NOT NULL,
  `agefaunits` int(11) NOT NULL,
  `staturefa` float NOT NULL,
  `staturefaunits` int(11) NOT NULL,
  `ancestryfa` int(11) NOT NULL,
  `sexfa` int(11) NOT NULL,
  `age` float NOT NULL,
  `ageunits` int(11) NOT NULL,
  `stature` float NOT NULL,
  `statureunits` int(11) NOT NULL,
  `ancestry` int(11) NOT NULL,
  `sex` int(11) NOT NULL,
  `source` int(11) NOT NULL,
  `sourceother` text CHARACTER SET utf8 NOT NULL,
  `notes` text CHARACTER SET utf8 NOT NULL,
  `extra1` int(11) NOT NULL,
  `extra2` int(11) NOT NULL
) ENGINE=InnoDB DEFAULT CHARSET=latin1;

-- --------------------------------------------------------

--
-- Table structure for table `testtable`
--

CREATE TABLE `testtable` (
  `id` int(11) NOT NULL,
  `name` text CHARACTER SET utf8 NOT NULL,
  `extra` text CHARACTER SET utf8
) ENGINE=InnoDB DEFAULT CHARSET=latin1;

--
-- Dumping data for table `testtable`
--

INSERT INTO `testtable` (`id`, `name`, `extra`) VALUES
(1, 'null', 'null'),
(2, 'null', 'Phenice 1969'),
(3, 'Sex', 'Phenice 1969'),
(4, 'Sex', 'Tise et al. 2013'),
(5, 'Age', 'Lovejoy et al. 1985'),
(6, 'Sex', 'Ascadi and Nemereski 1970'),
(7, 'Sex', 'Phenice 1969'),
(8, 'Sex', 'Phenice 1969'),
(9, 'Ancestry', 'Rhine 1990'),
(10, 'Sex', 'Phenice 1969'),
(11, 'Sex', 'Phenice 1969'),
(12, 'Sex', 'Phenice 1969'),
(13, 'Sex', 'Tise et al. 2013'),
(14, 'Sex', 'Phenice 1969'),
(15, 'Age', 'Hartnett 2010 (Os pubis)'),
(16, 'Sex', 'Tise et al. 2013'),
(17, 'Sex', 'Tise et al. 2013'),
(18, 'Age', 'Hartnett 2010 (Ribs)'),
(19, 'Age', 'Brooks and Suchey 1990'),
(20, 'Age', 'Hartnett 2010 (Ribs)'),
(21, 'Age', 'Brooks and Suchey 1990'),
(22, 'Stature', 'Sjovold 1990'),
(23, 'Sex', 'Phenice 1969'),
(24, 'Sex', 'Tise et al. 2013'),
(25, 'Sex', 'Phenice 1969'),
(26, 'Sex', 'Phenice 1969'),
(27, 'Sex', 'Phenice 1969'),
(28, 'Age', 'Hartnett 2010 (Os pubis)'),
(29, 'Sex', 'Ascadi and Nemereski 1970'),
(30, 'Sex', 'Phenice 1969'),
(31, 'Stature', 'Fordisc'),
(32, 'Age', 'Osborne et al. 2004'),
(33, 'Ancestry', 'Rhine 1990'),
(34, 'Age', 'Hartnett 2010 (Ribs)'),
(35, 'Sex', 'Tise et al. 2013'),
(36, 'Sex', 'Tise et al. 2013'),
(37, 'Sex', 'Ascadi and Nemereski 1970'),
(38, 'Ancestry', 'Rhine 1990'),
(39, 'Age', 'Hartnett 2010 (Ribs)');

-- --------------------------------------------------------

--
-- Table structure for table `tier2data`
--

CREATE TABLE `tier2data` (
  `id` int(11) NOT NULL,
  `memberid` int(11) NOT NULL,
  `caseid` int(11) NOT NULL,
  `methodtype` int(11) NOT NULL,
  `methodid` int(11) NOT NULL,
  `featureid` int(11) DEFAULT NULL,
  `phaseid` int(11) DEFAULT NULL
) ENGINE=InnoDB DEFAULT CHARSET=latin1;

--
-- Dumping data for table `tier2data`
--

INSERT INTO `tier2data` (`id`, `memberid`, `caseid`, `methodtype`, `methodid`, `featureid`, `phaseid`) VALUES
(1, 1, 71, 1, 4, 5, 122),
(2, 1, 71, 2, 7, 0, 0),
(11, 1, 72, 1, 1, 1, 127),
(55, 22, 75, 1, 4, 5, 105),
(56, 22, 75, 1, 4, 6, 116),
(57, 22, 75, 4, 17, 47, 127),
(58, 22, 75, 1, 4, 5, 117),
(59, 22, 75, 1, 4, 5, 120),
(72, 1, 74, 1, 1, 1, 127),
(73, 1, 74, 1, 1, 45, 86),
(74, 1, 74, 2, 7, 44, 10),
(75, 1, 74, 3, 22, 5, 127),
(76, 1, 74, 1, 3, 44, 100),
(77, 1, 74, 1, 3, 44, 90),
(90, 1, 78, 1, 1, 1, 127),
(91, 1, 78, 1, 1, 45, 86),
(92, 1, 78, 1, 3, 44, 90),
(93, 1, 78, 1, 3, 44, 100),
(94, 1, 78, 2, 7, 44, 10),
(95, 1, 78, 3, 22, 5, 127),
(108, 1, 81, 1, 4, 5, 106),
(109, 1, 81, 2, 14, 77, 127),
(110, 1, 83, 1, 4, 5, 106),
(111, 1, 83, 2, 14, 77, 127),
(112, 1, 79, 1, 1, 45, 86),
(113, 1, 79, 1, 3, 44, 90),
(114, 1, 79, 1, 3, 44, 100),
(115, 1, 79, 2, 7, 44, 10),
(116, 1, 79, 2, 12, 5, 38),
(117, 1, 79, 2, 12, 5, 47),
(118, 1, 79, 2, 8, 37, 14),
(119, 1, 79, 3, 20, 1, 127),
(120, 1, 79, 3, 22, 1, 127),
(121, 1, 79, 4, 18, 52, 127),
(122, 1, 84, 1, 3, 44, 97),
(123, 1, 84, 1, 3, 44, 89),
(124, 1, 84, 2, 7, 45, 9),
(125, 1, 84, 3, 22, 5, 127),
(131, 24, 88, 1, 19, 5, 127),
(132, 24, 88, 1, 1, 44, 82),
(133, 24, 88, 2, 7, 44, 4),
(134, 24, 88, 2, 7, 45, 5),
(135, 24, 88, 2, 11, 44, 20),
(136, 24, 88, 2, 11, 45, 20),
(137, 24, 88, 2, 13, 8, 5),
(138, 24, 88, 2, 13, 9, 5),
(139, 24, 88, 3, 20, 5, 127),
(140, 24, 88, 3, 21, 5, 127),
(141, 24, 88, 4, 17, 47, 127),
(142, 24, 89, 1, 19, 5, 127),
(143, 24, 89, 1, 1, 44, 82),
(144, 24, 89, 1, 1, 44, 86),
(145, 24, 89, 2, 13, 8, 6),
(146, 24, 89, 2, 7, 44, 4),
(147, 24, 89, 2, 11, 44, 21),
(148, 24, 89, 3, 20, 5, 127),
(149, 24, 89, 3, 21, 5, 127),
(150, 24, 89, 4, 17, 47, 127),
(151, 24, 90, 2, 13, 8, 6),
(152, 24, 90, 2, 7, 44, 4),
(153, 24, 91, 1, 19, 5, 127),
(154, 24, 91, 1, 1, 44, 82),
(155, 24, 91, 1, 1, 44, 86),
(156, 24, 91, 2, 7, 44, 2),
(157, 24, 91, 2, 13, 8, 2),
(158, 24, 91, 2, 16, 1, 127),
(159, 24, 91, 3, 20, 5, 127),
(160, 24, 91, 4, 17, 28, 127),
(161, 24, 91, 3, 21, 5, 127),
(162, 24, 86, 2, 7, 44, 4),
(163, 24, 86, 2, 8, 7, 3),
(164, 24, 86, 2, 8, 7, 4),
(165, 24, 86, 3, 20, 5, 127),
(166, 24, 86, 3, 21, 5, 127),
(167, 24, 92, 1, 19, 5, 127),
(168, 24, 92, 1, 1, 44, 85),
(169, 24, 92, 2, 7, 44, 9),
(170, 24, 92, 2, 7, 45, 10),
(171, 24, 92, 2, 13, 8, 6),
(172, 24, 92, 2, 11, 44, 23),
(173, 24, 92, 3, 20, 5, 127),
(174, 24, 92, 3, 21, 5, 127),
(175, 24, 92, 4, 17, 47, 127),
(176, 24, 93, 1, 19, 5, 127),
(177, 24, 93, 1, 1, 44, 86),
(178, 24, 93, 2, 7, 44, 6),
(179, 24, 93, 2, 13, 8, 13),
(180, 24, 93, 4, 17, 48, 127),
(181, 24, 93, 3, 20, 1, 127),
(182, 24, 93, 3, 21, 5, 127),
(183, 24, 94, 4, 17, 47, 127),
(184, 24, 94, 1, 1, 44, 85),
(185, 24, 94, 1, 1, 44, 81),
(186, 24, 94, 2, 11, 44, 21),
(187, 24, 94, 2, 7, 44, 10),
(188, 24, 94, 2, 13, 8, 6),
(189, 24, 94, 3, 21, 5, 127),
(190, 24, 95, 3, 20, 5, 127),
(191, 24, 95, 1, 19, 5, 127),
(192, 24, 95, 3, 21, 5, 127),
(193, 24, 95, 2, 7, 44, 10),
(194, 24, 95, 2, 13, 8, 4),
(195, 24, 96, 1, 19, 5, 127),
(196, 24, 96, 1, 1, 44, 85),
(197, 24, 96, 2, 7, 44, 10),
(198, 24, 96, 2, 13, 8, 4),
(199, 24, 96, 2, 12, 5, 127),
(200, 24, 96, 3, 20, 5, 127),
(201, 24, 96, 3, 21, 5, 127),
(202, 24, 96, 4, 17, 51, 127),
(203, 24, 97, 1, 19, 5, 127),
(204, 24, 97, 1, 1, 44, 82),
(205, 24, 97, 2, 7, 44, 4),
(206, 24, 97, 2, 13, 8, 15),
(207, 24, 97, 3, 20, 5, 127),
(208, 24, 97, 3, 21, 5, 127),
(209, 24, 97, 4, 17, 48, 127),
(210, 24, 98, 2, 7, 44, 10),
(211, 24, 98, 2, 7, 45, 10),
(212, 24, 98, 2, 8, 8, 14),
(213, 24, 98, 2, 12, 5, 127),
(214, 24, 99, 2, 7, 44, 5),
(215, 24, 99, 2, 7, 45, 5),
(216, 24, 99, 3, 20, 5, 127),
(217, 24, 99, 2, 12, 5, 40),
(218, 24, 99, 2, 12, 5, 45),
(219, 24, 99, 2, 13, 8, 13),
(220, 24, 99, 3, 21, 5, 127),
(221, 24, 100, 1, 19, 5, 127),
(222, 24, 100, 1, 19, 48, 127),
(223, 24, 100, 1, 1, 44, 82),
(224, 24, 100, 2, 7, 44, 12),
(225, 24, 100, 2, 13, 8, 15),
(226, 24, 100, 3, 20, 5, 127),
(227, 24, 100, 3, 21, 5, 127),
(228, 24, 100, 4, 17, 47, 127),
(229, 24, 101, 2, 7, 44, 5),
(230, 24, 101, 2, 13, 8, 6),
(231, 24, 101, 2, 13, 9, 5),
(232, 24, 101, 3, 21, 5, 127),
(233, 24, 101, 3, 20, 5, 127),
(234, 24, 102, 1, 19, 5, 127),
(235, 24, 102, 1, 1, 44, 127),
(236, 24, 102, 2, 7, 44, 5),
(237, 24, 102, 2, 11, 44, 19),
(238, 24, 102, 2, 11, 45, 20),
(239, 24, 102, 2, 13, 8, 5),
(240, 24, 102, 4, 17, 47, 127),
(241, 24, 102, 3, 20, 5, 127),
(242, 24, 102, 3, 21, 5, 127),
(247, 13, 104, 1, 1, 1, 127),
(248, 13, 104, 3, 21, 1, 127),
(249, 13, 104, 3, 20, 1, 127),
(250, 13, 103, 2, 7, 1, 127),
(251, 13, 103, 2, 11, 1, 127),
(252, 13, 103, 2, 13, 1, 127),
(253, 13, 103, 4, 18, 1, 127),
(254, 23, 85, 2, 7, 44, 8),
(255, 23, 85, 2, 13, 8, 3),
(256, 23, 85, 1, 1, 44, 81),
(257, 23, 85, 1, 5, 5, 127),
(258, 23, 85, 4, 17, 47, 127),
(259, 23, 85, 3, 20, 5, 127),
(260, 23, 85, 3, 21, 5, 127),
(261, 23, 105, 1, 5, 5, 127),
(262, 23, 105, 1, 4, 5, 126),
(263, 23, 105, 1, 4, 5, 110),
(264, 23, 105, 1, 4, 5, 105),
(265, 23, 105, 1, 1, 44, 82),
(266, 23, 105, 1, 1, 44, 84),
(267, 23, 105, 2, 7, 44, 4),
(268, 23, 105, 2, 13, 8, 4),
(269, 23, 105, 3, 20, 5, 127),
(270, 23, 105, 3, 21, 5, 127),
(271, 23, 105, 3, 22, 5, 127),
(272, 23, 105, 4, 17, 51, 127),
(273, 23, 106, 1, 5, 5, 127),
(274, 23, 106, 1, 19, 5, 127),
(275, 23, 106, 1, 1, 44, 82),
(276, 23, 106, 1, 1, 44, 84),
(277, 23, 106, 2, 7, 44, 5),
(278, 23, 106, 2, 13, 8, 6),
(279, 23, 106, 2, 13, 8, 15),
(280, 23, 106, 4, 17, 47, 127),
(281, 23, 106, 3, 20, 5, 127),
(282, 23, 106, 3, 22, 5, 127),
(283, 23, 106, 3, 21, 5, 127),
(284, 23, 107, 1, 5, 6, 127),
(285, 23, 107, 1, 4, 6, 115),
(286, 23, 107, 1, 19, 6, 127),
(287, 23, 107, 2, 15, 87, 32),
(288, 23, 107, 3, 20, 6, 127),
(289, 23, 108, 1, 5, 5, 127),
(290, 23, 108, 1, 1, 44, 82),
(291, 23, 108, 1, 1, 44, 84),
(292, 23, 108, 2, 7, 44, 1),
(293, 23, 108, 2, 15, 1, 127),
(294, 23, 108, 3, 20, 5, 127),
(295, 23, 108, 3, 22, 5, 127),
(296, 23, 108, 3, 21, 5, 127),
(300, 1, 110, 2, 9, 1, 127),
(301, 1, 109, 2, 9, 1, 127),
(302, 1, 109, 3, 21, 1, 127),
(303, 1, 109, 2, 23, 1, 127),
(304, 1, 111, 1, 5, 1, 127),
(305, 1, 112, 1, 4, 1, 127),
(314, 24, 113, 1, 1, 1, 127),
(315, 24, 113, 1, 5, 1, 127),
(316, 24, 113, 2, 7, 1, 127),
(317, 24, 113, 2, 13, 1, 127),
(318, 24, 113, 1, 19, 1, 127),
(319, 24, 113, 3, 20, 1, 127),
(320, 24, 113, 3, 21, 1, 127),
(321, 24, 113, 1, 24, 1, 127),
(322, 24, 113, 4, 17, 1, 127),
(323, 32, 114, 1, 19, 1, 127),
(324, 32, 114, 2, 13, 1, 127),
(325, 32, 114, 2, 7, 1, 127),
(326, 32, 114, 3, 20, 1, 127),
(327, 32, 114, 4, 18, 1, 127),
(328, 32, 114, 1, 19, 1, 127),
(329, 32, 114, 2, 13, 1, 127),
(330, 32, 114, 2, 7, 1, 127),
(331, 32, 114, 3, 20, 1, 127),
(332, 32, 114, 4, 18, 1, 127),
(333, 32, 116, 1, 19, 1, 127),
(334, 32, 116, 3, 20, 1, 127),
(335, 32, 116, 2, 7, 1, 127),
(340, 32, 117, 1, 5, 1, 127),
(341, 32, 117, 2, 7, 1, 127),
(342, 32, 117, 1, 19, 1, 127),
(343, 32, 117, 3, 20, 1, 127),
(346, 32, 118, 1, 19, 1, 127),
(347, 32, 118, 3, 20, 1, 127),
(368, 4, 120, 1, 1, 1, 127),
(369, 4, 120, 1, 5, 1, 127),
(370, 4, 120, 2, 7, 1, 127),
(371, 4, 120, 2, 10, 1, 127),
(372, 4, 120, 4, 18, 1, 127),
(373, 4, 120, 1, 19, 1, 127),
(374, 4, 120, 3, 20, 1, 127),
(375, 4, 120, 3, 21, 1, 127),
(376, 4, 120, 2, 23, 1, 127),
(377, 4, 120, 1, 24, 1, 127),
(378, 23, 121, 1, 5, 1, 127),
(379, 23, 121, 1, 6, 1, 127),
(380, 23, 121, 2, 15, 1, 127),
(381, 23, 121, 2, 8, 1, 127),
(382, 23, 121, 3, 20, 1, 127),
(383, 23, 121, 3, 21, 1, 127),
(384, 23, 121, 3, 22, 1, 127),
(385, 23, 122, 1, 3, 1, 127),
(386, 23, 122, 1, 1, 1, 127),
(387, 23, 122, 1, 5, 1, 127),
(388, 23, 122, 2, 7, 1, 127),
(389, 23, 122, 2, 8, 1, 127),
(390, 23, 122, 3, 20, 1, 127),
(391, 23, 122, 3, 22, 1, 127),
(392, 23, 122, 3, 21, 1, 127),
(393, 23, 122, 4, 18, 1, 127),
(394, 23, 123, 1, 1, 1, 127),
(395, 23, 123, 1, 5, 1, 127),
(396, 23, 123, 2, 7, 1, 127),
(397, 23, 123, 2, 11, 1, 127),
(398, 23, 123, 3, 20, 1, 127),
(399, 23, 123, 3, 22, 1, 127),
(400, 23, 123, 3, 21, 1, 127),
(404, 23, 124, 1, 1, 1, 127),
(405, 23, 124, 1, 5, 1, 127),
(406, 23, 124, 2, 15, 1, 127),
(407, 23, 124, 3, 20, 1, 127),
(408, 23, 124, 3, 22, 1, 127),
(409, 23, 124, 3, 21, 1, 127),
(410, 23, 124, 4, 18, 1, 127),
(411, 23, 125, 1, 5, 1, 127),
(412, 23, 125, 1, 1, 1, 127),
(413, 23, 125, 2, 7, 1, 127),
(414, 23, 125, 2, 8, 1, 127),
(415, 23, 125, 3, 20, 1, 127),
(416, 23, 125, 3, 22, 1, 127),
(417, 23, 125, 3, 21, 1, 127),
(418, 23, 125, 4, 18, 1, 127),
(419, 23, 126, 1, 1, 1, 127),
(420, 23, 126, 1, 5, 1, 127),
(421, 23, 126, 2, 7, 1, 127),
(422, 23, 126, 2, 8, 1, 127),
(423, 23, 126, 2, 15, 1, 127),
(424, 23, 126, 4, 18, 1, 127),
(430, 23, 127, 1, 1, 1, 127),
(431, 23, 127, 2, 11, 1, 127),
(432, 23, 127, 3, 20, 1, 127),
(433, 23, 127, 3, 21, 1, 127),
(434, 23, 127, 3, 22, 1, 127),
(443, 40, 128, 1, 1, 1, 127),
(444, 40, 128, 1, 5, 1, 127),
(445, 40, 128, 2, 7, 1, 127),
(446, 40, 128, 2, 11, 1, 127),
(447, 40, 128, 2, 13, 1, 127),
(448, 40, 128, 3, 20, 1, 127),
(449, 40, 128, 3, 21, 1, 127),
(450, 40, 128, 1, 24, 1, 127),
(451, 40, 128, 4, 18, 1, 127),
(452, 40, 129, 1, 5, 1, 127),
(453, 40, 129, 1, 24, 1, 127),
(454, 40, 129, 1, 1, 1, 127),
(455, 40, 129, 2, 7, 1, 127),
(456, 40, 129, 2, 11, 1, 127),
(457, 40, 129, 3, 21, 1, 127),
(458, 40, 129, 3, 20, 1, 127),
(459, 40, 129, 3, 22, 1, 127),
(469, 40, 130, 1, 1, 1, 127),
(470, 40, 130, 1, 5, 1, 127),
(471, 40, 130, 2, 7, 1, 127),
(472, 40, 130, 2, 11, 1, 127),
(473, 40, 130, 2, 13, 1, 127),
(474, 40, 130, 4, 18, 1, 127),
(475, 40, 130, 3, 20, 1, 127),
(476, 40, 130, 3, 21, 1, 127),
(477, 40, 130, 1, 24, 1, 127),
(478, 40, 131, 1, 5, 1, 127),
(479, 40, 131, 1, 24, 1, 127),
(480, 40, 131, 1, 1, 1, 127),
(481, 40, 131, 2, 7, 1, 127),
(482, 40, 131, 2, 13, 1, 127),
(483, 40, 131, 2, 11, 1, 127),
(484, 40, 131, 3, 21, 1, 127),
(485, 40, 131, 3, 20, 1, 127),
(486, 40, 131, 4, 18, 1, 127),
(487, 40, 132, 1, 5, 1, 127),
(488, 40, 132, 1, 24, 1, 127),
(489, 40, 132, 1, 1, 1, 127),
(490, 40, 132, 3, 21, 1, 127),
(491, 40, 132, 3, 20, 1, 127),
(492, 40, 132, 2, 7, 1, 127),
(493, 40, 132, 2, 13, 1, 127),
(494, 40, 132, 2, 11, 1, 127),
(495, 40, 132, 4, 18, 1, 127),
(516, 40, 133, 1, 1, 1, 127),
(517, 40, 133, 1, 5, 1, 127),
(518, 40, 133, 2, 11, 1, 127),
(519, 40, 133, 2, 12, 1, 127),
(520, 40, 133, 3, 20, 1, 127),
(521, 40, 133, 3, 21, 1, 127),
(522, 40, 133, 1, 24, 1, 127),
(523, 40, 134, 1, 5, 1, 127),
(524, 40, 134, 1, 24, 1, 127),
(525, 40, 134, 1, 1, 1, 127),
(526, 40, 134, 3, 21, 1, 127),
(527, 40, 134, 3, 20, 1, 127),
(528, 40, 134, 2, 12, 1, 127),
(537, 40, 135, 1, 1, 1, 127),
(538, 40, 135, 1, 5, 1, 127),
(539, 40, 135, 2, 7, 1, 127),
(540, 40, 135, 2, 11, 1, 127),
(541, 40, 135, 2, 12, 1, 127),
(542, 40, 135, 3, 20, 1, 127),
(543, 40, 135, 3, 21, 1, 127),
(544, 40, 135, 1, 24, 1, 127),
(545, 40, 135, 4, 18, 1, 127),
(555, 40, 147, 1, 24, 1, 127),
(556, 40, 147, 1, 1, 1, 127),
(557, 40, 147, 2, 7, 1, 127),
(558, 40, 147, 2, 13, 1, 127),
(559, 40, 147, 2, 11, 1, 127),
(560, 40, 147, 4, 18, 1, 127),
(561, 40, 148, 1, 5, 1, 127),
(562, 40, 148, 1, 24, 1, 127),
(563, 40, 148, 1, 1, 1, 127),
(564, 40, 148, 3, 21, 1, 127),
(565, 40, 148, 3, 20, 1, 127),
(566, 40, 148, 2, 7, 1, 127),
(567, 40, 148, 2, 13, 1, 127),
(568, 40, 148, 2, 11, 1, 127),
(569, 40, 148, 2, 12, 1, 127),
(570, 40, 148, 4, 18, 1, 127),
(577, 40, 146, 1, 1, 1, 127),
(578, 40, 146, 1, 5, 1, 127),
(579, 40, 146, 2, 11, 1, 127),
(580, 40, 146, 2, 12, 1, 127),
(581, 40, 146, 2, 15, 1, 127),
(582, 40, 146, 3, 20, 1, 127),
(583, 40, 146, 3, 21, 1, 127),
(584, 40, 146, 1, 24, 1, 127),
(585, 40, 146, 2, 25, 1, 127),
(586, 40, 149, 1, 1, 1, 127),
(587, 40, 149, 1, 2, 1, 127),
(588, 40, 149, 2, 7, 1, 127),
(589, 40, 149, 2, 11, 1, 127),
(590, 40, 149, 2, 13, 1, 127),
(591, 40, 149, 1, 24, 1, 127),
(602, 40, 151, 1, 5, 1, 127),
(603, 40, 151, 1, 24, 1, 127),
(604, 40, 151, 1, 1, 1, 127),
(605, 40, 151, 3, 21, 1, 127),
(606, 40, 151, 3, 20, 1, 127),
(607, 40, 151, 2, 7, 1, 127),
(608, 40, 151, 2, 13, 1, 127),
(609, 40, 151, 2, 11, 1, 127),
(610, 40, 151, 2, 12, 1, 127),
(611, 40, 151, 4, 18, 1, 127),
(612, 40, 150, 1, 1, 1, 127),
(613, 40, 150, 1, 2, 1, 127),
(614, 40, 150, 1, 5, 1, 127),
(615, 40, 150, 2, 7, 1, 127),
(616, 40, 150, 2, 11, 1, 127),
(617, 40, 150, 2, 12, 1, 127),
(618, 40, 150, 2, 13, 1, 127),
(619, 40, 150, 2, 15, 1, 127),
(620, 40, 150, 3, 20, 1, 127),
(621, 40, 150, 3, 21, 1, 127),
(622, 40, 150, 1, 26, 1, 127),
(623, 40, 152, 1, 5, 1, 127),
(624, 40, 152, 1, 24, 1, 127),
(625, 40, 152, 1, 1, 1, 127),
(626, 40, 152, 3, 21, 1, 127),
(627, 40, 152, 3, 20, 1, 127),
(628, 40, 152, 2, 7, 1, 127),
(629, 40, 152, 2, 11, 1, 127),
(630, 40, 152, 2, 12, 1, 127),
(631, 40, 152, 2, 25, 1, 127),
(632, 40, 152, 4, 18, 1, 127),
(640, 24, 153, 1, 1, 1, 127),
(641, 24, 153, 2, 7, 1, 127),
(642, 24, 153, 2, 12, 1, 127),
(643, 24, 153, 2, 13, 1, 127),
(644, 24, 153, 1, 19, 1, 127),
(645, 24, 153, 3, 20, 1, 127),
(646, 24, 153, 3, 21, 1, 127),
(701, 37, 158, 1, 19, 1, 127),
(702, 37, 158, 3, 20, 1, 127),
(723, 37, 155, 1, 5, 1, 127),
(724, 37, 155, 3, 20, 1, 127),
(725, 37, 155, 3, 22, 1, 127),
(726, 37, 155, 1, 1, 1, 127),
(731, 37, 156, 1, 19, 1, 127),
(732, 37, 156, 3, 20, 1, 127),
(733, 37, 156, 3, 22, 1, 127),
(734, 37, 156, 2, 27, 1, 127),
(735, 37, 161, 2, 8, 1, 127),
(736, 37, 161, 2, 9, 1, 127),
(737, 37, 161, 2, 29, 1, 127),
(738, 37, 159, 1, 19, 1, 127),
(739, 37, 159, 3, 20, 1, 127),
(768, 43, 162, 1, 5, 1, 127),
(769, 43, 162, 2, 7, 1, 127),
(770, 43, 162, 2, 10, 1, 127),
(771, 43, 162, 2, 15, 1, 127),
(772, 43, 162, 4, 18, 1, 127),
(773, 43, 162, 1, 19, 1, 127),
(774, 43, 162, 3, 20, 1, 127),
(775, 43, 162, 3, 21, 1, 127),
(776, 43, 162, 3, 22, 1, 127),
(777, 43, 162, 2, 23, 1, 127),
(778, 43, 162, 2, 29, 1, 127),
(819, 43, 165, 1, 5, 1, 127),
(820, 43, 165, 2, 7, 1, 127),
(821, 43, 165, 2, 10, 1, 127),
(822, 43, 165, 2, 15, 1, 127),
(823, 43, 165, 4, 18, 1, 127),
(824, 43, 165, 1, 19, 1, 127),
(825, 43, 165, 3, 20, 1, 127),
(826, 43, 165, 3, 21, 1, 127),
(827, 43, 165, 3, 22, 1, 127),
(828, 43, 165, 2, 23, 1, 127),
(829, 43, 165, 2, 29, 1, 127),
(832, 43, 167, 1, 3, 1, 127),
(833, 43, 167, 1, 1, 1, 127),
(834, 43, 167, 1, 6, 1, 127),
(835, 43, 167, 2, 29, 1, 127),
(836, 43, 167, 2, 13, 1, 127),
(837, 43, 167, 2, 23, 1, 127),
(838, 43, 167, 2, 25, 1, 127),
(839, 43, 167, 2, 7, 1, 127),
(840, 43, 167, 3, 22, 1, 127),
(841, 43, 167, 3, 20, 1, 127),
(842, 43, 167, 1, 19, 1, 127),
(843, 43, 167, 1, 24, 1, 127),
(844, 43, 167, 4, 18, 1, 127),
(899, 43, 176, 1, 19, 1, 127),
(900, 43, 176, 3, 22, 1, 127),
(901, 43, 176, 3, 20, 1, 127),
(938, 43, 166, 4, 18, 1, 127),
(939, 43, 166, 1, 19, 1, 127),
(940, 43, 163, 4, 18, 1, 127),
(941, 43, 163, 1, 19, 1, 127),
(942, 43, 163, 1, 24, 1, 127),
(943, 43, 170, 2, 7, 1, 127),
(944, 43, 170, 2, 13, 1, 127),
(945, 43, 170, 2, 29, 1, 127),
(946, 43, 178, 2, 7, 1, 127),
(947, 43, 178, 2, 13, 1, 127),
(948, 43, 178, 2, 15, 1, 127),
(949, 43, 178, 2, 29, 1, 127),
(950, 43, 179, 3, 21, 1, 127),
(951, 43, 179, 3, 20, 1, 127),
(952, 43, 179, 1, 5, 1, 127),
(953, 43, 179, 4, 18, 1, 127),
(964, 43, 164, 1, 5, 1, 127),
(965, 43, 164, 2, 7, 1, 127),
(966, 43, 164, 2, 12, 1, 127),
(967, 43, 164, 2, 13, 1, 127),
(968, 43, 164, 4, 18, 1, 127),
(969, 43, 164, 1, 19, 1, 127),
(970, 43, 164, 3, 20, 1, 127),
(971, 43, 164, 3, 21, 1, 127),
(972, 43, 164, 3, 22, 1, 127),
(973, 43, 164, 2, 23, 1, 127),
(974, 43, 164, 1, 24, 1, 127),
(975, 43, 164, 2, 25, 1, 127),
(977, 43, 180, 1, 24, 1, 127),
(978, 43, 168, 1, 5, 1, 127),
(979, 43, 168, 2, 7, 1, 127),
(980, 43, 168, 2, 10, 1, 127),
(981, 43, 168, 2, 15, 1, 127),
(982, 43, 168, 4, 18, 1, 127),
(983, 43, 168, 1, 19, 1, 127),
(984, 43, 168, 3, 20, 1, 127),
(985, 43, 168, 3, 21, 1, 127),
(986, 43, 168, 3, 22, 1, 127),
(987, 43, 168, 2, 23, 1, 127),
(988, 43, 168, 2, 29, 1, 127),
(989, 43, 169, 2, 7, 1, 127),
(990, 43, 169, 3, 20, 1, 127),
(991, 43, 169, 3, 21, 1, 127),
(992, 43, 169, 3, 22, 1, 127),
(993, 43, 169, 2, 23, 1, 127),
(994, 43, 169, 2, 29, 1, 127),
(995, 43, 171, 1, 3, 1, 127),
(996, 43, 171, 1, 6, 1, 127),
(997, 43, 171, 2, 7, 1, 127),
(998, 43, 171, 4, 18, 1, 127),
(999, 43, 171, 1, 19, 1, 127),
(1000, 43, 171, 3, 20, 1, 127),
(1001, 43, 171, 3, 22, 1, 127),
(1002, 43, 171, 2, 23, 1, 127),
(1003, 43, 171, 2, 29, 1, 127),
(1004, 43, 172, 1, 3, 1, 127),
(1005, 43, 172, 1, 6, 1, 127),
(1006, 43, 172, 2, 7, 1, 127),
(1007, 43, 172, 2, 13, 1, 127),
(1008, 43, 172, 4, 18, 1, 127),
(1009, 43, 172, 1, 19, 1, 127),
(1010, 43, 172, 3, 20, 1, 127),
(1011, 43, 172, 3, 22, 1, 127),
(1012, 43, 172, 2, 29, 1, 127),
(1013, 43, 173, 1, 3, 1, 127),
(1014, 43, 173, 1, 5, 1, 127),
(1015, 43, 173, 1, 6, 1, 127),
(1016, 43, 173, 2, 7, 1, 127),
(1017, 43, 173, 2, 10, 1, 127),
(1018, 43, 173, 2, 13, 1, 127),
(1019, 43, 173, 4, 18, 1, 127),
(1020, 43, 173, 1, 19, 1, 127),
(1021, 43, 173, 3, 20, 1, 127),
(1022, 43, 173, 3, 21, 1, 127),
(1023, 43, 173, 3, 22, 1, 127),
(1024, 43, 173, 2, 29, 1, 127),
(1025, 43, 177, 1, 6, 1, 127),
(1026, 43, 177, 4, 18, 1, 127),
(1027, 43, 177, 1, 19, 1, 127),
(1028, 43, 177, 3, 20, 1, 127),
(1029, 43, 177, 2, 29, 1, 127),
(1030, 37, 154, 2, 9, 1, 127),
(1031, 37, 154, 1, 19, 1, 127),
(1032, 37, 154, 3, 20, 1, 127),
(1033, 37, 154, 2, 29, 1, 127),
(1034, 37, 154, 2, 30, 1, 127),
(1035, 37, 154, 2, 32, 1, 127),
(1036, 37, 154, 2, 31, 1, 127),
(1037, 37, 154, 2, 33, 1, 127),
(1038, 37, 157, 1, 19, 1, 127),
(1039, 37, 157, 3, 20, 1, 127),
(1040, 37, 157, 2, 28, 1, 127),
(1041, 37, 157, 2, 31, 1, 127),
(1052, 24, 181, 1, 1, 1, 127),
(1053, 24, 181, 1, 5, 1, 127),
(1054, 24, 181, 2, 7, 1, 127),
(1055, 24, 181, 2, 12, 1, 127),
(1056, 24, 181, 4, 17, 1, 127),
(1057, 24, 181, 4, 18, 1, 127),
(1058, 24, 181, 1, 19, 1, 127),
(1059, 24, 181, 3, 20, 1, 127),
(1060, 24, 181, 3, 21, 1, 127),
(1061, 24, 181, 3, 22, 1, 127),
(1064, 30, 183, 2, 7, 1, 127),
(1065, 30, 183, 2, 13, 1, 127),
(1066, 30, 183, 2, 29, 1, 127),
(1070, 30, 185, 2, 7, 1, 127),
(1071, 30, 185, 2, 13, 1, 127),
(1114, 30, 200, 2, 7, 1, 127),
(1115, 30, 200, 2, 25, 1, 127),
(1116, 30, 200, 2, 29, 1, 127),
(1117, 30, 200, 2, 12, 1, 127),
(1118, 30, 201, 2, 7, 1, 127),
(1119, 30, 201, 2, 29, 1, 127),
(1121, 30, 202, 2, 13, 1, 127),
(1126, 30, 203, 2, 7, 1, 127),
(1127, 30, 203, 2, 13, 1, 127),
(1128, 30, 204, 2, 7, 1, 127),
(1129, 30, 204, 2, 13, 1, 127),
(1130, 30, 204, 2, 29, 1, 127),
(1131, 30, 205, 2, 7, 1, 127),
(1132, 30, 205, 2, 23, 1, 127),
(1133, 30, 205, 2, 29, 1, 127),
(1134, 30, 205, 2, 11, 1, 127),
(1135, 30, 207, 2, 7, 1, 127),
(1136, 30, 207, 2, 23, 1, 127),
(1137, 30, 207, 2, 29, 1, 127),
(1138, 30, 208, 2, 7, 1, 127),
(1139, 30, 208, 2, 13, 1, 127),
(1140, 30, 208, 2, 11, 1, 127),
(1141, 30, 209, 2, 7, 1, 127),
(1142, 30, 209, 2, 29, 1, 127),
(1143, 30, 209, 2, 11, 1, 127),
(1144, 30, 210, 2, 7, 1, 127),
(1145, 30, 210, 2, 13, 1, 127),
(1146, 30, 210, 2, 29, 1, 127),
(1147, 30, 210, 2, 27, 1, 127),
(1148, 30, 211, 2, 7, 1, 127),
(1149, 30, 212, 2, 7, 1, 127),
(1150, 30, 212, 2, 25, 1, 127),
(1151, 30, 212, 2, 29, 1, 127),
(1152, 30, 213, 2, 13, 1, 127),
(1153, 30, 213, 2, 29, 1, 127),
(1154, 30, 214, 2, 7, 1, 127),
(1155, 30, 214, 2, 13, 1, 127),
(1156, 30, 214, 2, 29, 1, 127),
(1157, 30, 215, 2, 7, 1, 127),
(1158, 30, 215, 2, 25, 1, 127),
(1159, 30, 215, 2, 29, 1, 127),
(1163, 30, 216, 2, 8, 1, 127),
(1164, 30, 216, 2, 13, 1, 127),
(1165, 30, 216, 2, 29, 1, 127),
(1166, 30, 217, 2, 7, 1, 127),
(1167, 30, 217, 2, 29, 1, 127),
(1168, 30, 219, 2, 23, 1, 127),
(1169, 30, 219, 2, 29, 1, 127),
(1170, 30, 219, 2, 8, 1, 127),
(1171, 30, 220, 2, 7, 1, 127),
(1172, 30, 220, 2, 13, 1, 127),
(1173, 30, 221, 2, 7, 1, 127),
(1174, 30, 221, 2, 23, 1, 127),
(1175, 30, 221, 2, 29, 1, 127),
(1176, 30, 223, 2, 7, 1, 127),
(1177, 30, 223, 2, 27, 1, 127),
(1178, 30, 223, 2, 11, 1, 127),
(1179, 30, 224, 2, 7, 1, 127),
(1180, 30, 224, 2, 13, 1, 127),
(1181, 30, 224, 2, 12, 1, 127),
(1182, 30, 225, 2, 7, 1, 127),
(1183, 30, 225, 2, 13, 1, 127),
(1184, 30, 225, 2, 29, 1, 127),
(1185, 30, 226, 2, 7, 1, 127),
(1186, 30, 226, 2, 25, 1, 127),
(1187, 30, 226, 2, 29, 1, 127),
(1188, 30, 228, 2, 7, 1, 127),
(1189, 30, 228, 2, 13, 1, 127),
(1190, 30, 228, 2, 29, 1, 127),
(1191, 30, 228, 2, 10, 1, 127),
(1192, 30, 228, 2, 15, 1, 127),
(1193, 30, 229, 2, 27, 1, 127),
(1194, 30, 229, 2, 12, 1, 127),
(1195, 30, 230, 2, 31, 1, 127),
(1196, 30, 231, 2, 7, 1, 127),
(1197, 30, 231, 2, 25, 1, 127),
(1198, 30, 231, 2, 29, 1, 127),
(1199, 30, 232, 2, 7, 1, 127),
(1200, 30, 232, 2, 13, 1, 127),
(1201, 30, 232, 2, 29, 1, 127),
(1202, 30, 232, 2, 16, 1, 127),
(1203, 30, 233, 2, 7, 1, 127),
(1204, 30, 233, 2, 23, 1, 127),
(1205, 30, 234, 2, 7, 1, 127),
(1206, 30, 234, 2, 13, 1, 127),
(1207, 30, 234, 2, 29, 1, 127),
(1208, 30, 234, 2, 15, 1, 127),
(1209, 30, 235, 2, 7, 1, 127),
(1210, 30, 235, 2, 25, 1, 127),
(1211, 30, 235, 2, 29, 1, 127),
(1212, 30, 235, 2, 15, 1, 127),
(1213, 30, 236, 2, 7, 1, 127),
(1214, 30, 236, 2, 25, 1, 127),
(1215, 30, 236, 2, 15, 1, 127),
(1216, 30, 237, 2, 7, 1, 127),
(1217, 30, 237, 2, 23, 1, 127),
(1218, 30, 238, 2, 7, 1, 127),
(1219, 30, 238, 2, 13, 1, 127),
(1220, 30, 238, 2, 29, 1, 127),
(1221, 30, 238, 2, 15, 1, 127),
(1222, 30, 239, 2, 7, 1, 127),
(1223, 30, 239, 2, 13, 1, 127),
(1224, 30, 240, 2, 7, 1, 127),
(1225, 30, 240, 2, 23, 1, 127),
(1226, 30, 240, 2, 29, 1, 127),
(1227, 30, 240, 2, 15, 1, 127),
(1228, 30, 241, 2, 7, 1, 127),
(1229, 30, 241, 2, 13, 1, 127),
(1230, 30, 241, 2, 29, 1, 127),
(1231, 30, 242, 2, 7, 1, 127),
(1232, 30, 242, 2, 13, 1, 127),
(1233, 30, 242, 2, 29, 1, 127),
(1234, 30, 243, 2, 7, 1, 127),
(1235, 30, 243, 2, 13, 1, 127),
(1236, 30, 243, 2, 29, 1, 127),
(1237, 30, 244, 2, 7, 1, 127),
(1238, 30, 244, 2, 13, 1, 127),
(1239, 30, 244, 2, 29, 1, 127),
(1240, 30, 244, 2, 11, 1, 127),
(1241, 30, 245, 2, 7, 1, 127),
(1242, 30, 245, 2, 25, 1, 127),
(1243, 30, 245, 2, 29, 1, 127),
(1244, 30, 245, 2, 11, 1, 127),
(1245, 30, 246, 2, 7, 1, 127),
(1246, 30, 246, 2, 25, 1, 127),
(1247, 30, 246, 2, 29, 1, 127),
(1248, 30, 246, 2, 10, 1, 127),
(1249, 30, 247, 2, 7, 1, 127),
(1250, 30, 247, 2, 13, 1, 127),
(1251, 30, 248, 2, 7, 1, 127),
(1252, 30, 248, 2, 25, 1, 127),
(1253, 30, 248, 2, 29, 1, 127),
(1254, 30, 248, 2, 15, 1, 127),
(1255, 30, 249, 2, 7, 1, 127),
(1256, 30, 249, 2, 29, 1, 127),
(1257, 30, 250, 2, 7, 1, 127),
(1258, 30, 250, 2, 25, 1, 127),
(1259, 30, 250, 2, 29, 1, 127),
(1260, 30, 251, 2, 7, 1, 127),
(1261, 30, 251, 2, 23, 1, 127),
(1262, 30, 251, 2, 29, 1, 127),
(1263, 30, 252, 2, 7, 1, 127),
(1264, 30, 252, 2, 13, 1, 127),
(1265, 30, 252, 2, 29, 1, 127),
(1266, 30, 253, 2, 7, 1, 127),
(1267, 30, 253, 2, 13, 1, 127),
(1268, 30, 253, 2, 29, 1, 127),
(1269, 30, 254, 2, 7, 1, 127),
(1270, 30, 254, 2, 13, 1, 127),
(1271, 30, 254, 2, 29, 1, 127),
(1274, 30, 255, 2, 7, 1, 127),
(1275, 30, 255, 2, 13, 1, 127),
(1276, 30, 255, 2, 29, 1, 127),
(1277, 30, 256, 2, 7, 1, 127),
(1278, 30, 256, 2, 25, 1, 127),
(1279, 30, 256, 2, 29, 1, 127),
(1280, 30, 257, 2, 29, 1, 127),
(1281, 30, 257, 2, 7, 1, 127),
(1282, 30, 257, 2, 13, 1, 127),
(1283, 30, 258, 2, 7, 1, 127),
(1284, 30, 258, 2, 25, 1, 127),
(1285, 30, 259, 2, 7, 1, 127),
(1286, 30, 259, 2, 25, 1, 127),
(1287, 30, 259, 2, 29, 1, 127),
(1288, 30, 260, 2, 7, 1, 127),
(1289, 30, 260, 2, 23, 1, 127),
(1290, 30, 261, 2, 7, 1, 127),
(1291, 30, 261, 2, 13, 1, 127),
(1292, 30, 261, 2, 29, 1, 127),
(1293, 30, 262, 2, 7, 1, 127),
(1294, 30, 262, 2, 13, 1, 127),
(1295, 30, 262, 2, 29, 1, 127),
(1296, 30, 263, 2, 7, 1, 127),
(1297, 30, 263, 2, 29, 1, 127),
(1298, 30, 263, 2, 13, 1, 127),
(1299, 30, 264, 2, 7, 1, 127),
(1300, 30, 264, 2, 13, 1, 127),
(1301, 30, 264, 2, 29, 1, 127),
(1302, 30, 264, 2, 11, 1, 127),
(1303, 30, 264, 2, 27, 1, 127),
(1304, 30, 265, 2, 7, 1, 127),
(1305, 30, 265, 2, 29, 1, 127),
(1306, 30, 266, 2, 7, 1, 127),
(1307, 30, 266, 2, 29, 1, 127),
(1308, 30, 266, 2, 25, 1, 127),
(1309, 30, 267, 2, 7, 1, 127),
(1310, 30, 267, 2, 23, 1, 127),
(1311, 30, 267, 2, 29, 1, 127),
(1312, 30, 268, 2, 7, 1, 127),
(1313, 30, 268, 2, 13, 1, 127),
(1314, 30, 268, 2, 29, 1, 127),
(1315, 30, 269, 2, 7, 1, 127),
(1316, 30, 269, 2, 29, 1, 127),
(1317, 30, 269, 2, 13, 1, 127),
(1318, 30, 270, 2, 7, 1, 127),
(1319, 30, 270, 2, 29, 1, 127),
(1320, 30, 270, 2, 13, 1, 127),
(1321, 30, 271, 2, 7, 1, 127),
(1322, 30, 271, 2, 23, 1, 127),
(1323, 30, 271, 2, 29, 1, 127),
(1324, 30, 272, 2, 7, 1, 127),
(1325, 30, 272, 2, 25, 1, 127),
(1326, 30, 273, 2, 7, 1, 127),
(1327, 30, 273, 2, 13, 1, 127),
(1328, 30, 273, 2, 29, 1, 127),
(1329, 30, 274, 2, 7, 1, 127),
(1330, 30, 274, 2, 29, 1, 127),
(1331, 30, 274, 2, 25, 1, 127),
(1332, 30, 275, 2, 7, 1, 127),
(1333, 30, 275, 2, 29, 1, 127),
(1334, 30, 275, 2, 13, 1, 127),
(1335, 30, 276, 2, 7, 1, 127),
(1336, 30, 276, 2, 13, 1, 127),
(1337, 30, 276, 2, 29, 1, 127),
(1338, 30, 277, 2, 7, 1, 127),
(1339, 30, 277, 2, 13, 1, 127),
(1340, 30, 277, 2, 29, 1, 127),
(1341, 30, 278, 2, 7, 1, 127),
(1342, 30, 278, 2, 13, 1, 127),
(1343, 30, 278, 2, 29, 1, 127),
(1344, 30, 279, 2, 13, 1, 127),
(1345, 30, 279, 2, 7, 1, 127),
(1346, 30, 279, 2, 29, 1, 127),
(1347, 30, 280, 2, 7, 1, 127),
(1348, 30, 280, 2, 13, 1, 127),
(1349, 30, 280, 2, 29, 1, 127),
(1350, 30, 280, 2, 9, 1, 127),
(1351, 30, 280, 2, 8, 1, 127),
(1352, 30, 281, 2, 7, 1, 127),
(1353, 30, 281, 2, 13, 1, 127),
(1354, 30, 281, 2, 29, 1, 127),
(1355, 30, 282, 2, 7, 1, 127),
(1356, 30, 282, 2, 25, 1, 127),
(1357, 30, 282, 2, 29, 1, 127),
(1358, 30, 283, 2, 7, 1, 127),
(1359, 30, 283, 2, 29, 1, 127),
(1360, 30, 283, 2, 13, 1, 127),
(1361, 30, 285, 2, 13, 1, 127),
(1362, 30, 285, 2, 7, 1, 127),
(1363, 30, 286, 2, 7, 1, 127),
(1364, 30, 286, 2, 13, 1, 127),
(1365, 30, 286, 2, 29, 1, 127),
(1366, 30, 287, 2, 7, 1, 127),
(1367, 30, 287, 2, 29, 1, 127),
(1368, 30, 287, 2, 13, 1, 127),
(1369, 30, 288, 2, 7, 1, 127),
(1370, 30, 288, 2, 29, 1, 127),
(1371, 30, 288, 2, 13, 1, 127),
(1372, 30, 289, 2, 7, 1, 127),
(1373, 30, 289, 2, 29, 1, 127),
(1374, 30, 289, 2, 8, 1, 127),
(1375, 30, 289, 2, 9, 1, 127),
(1376, 30, 290, 2, 7, 1, 127),
(1377, 30, 290, 2, 29, 1, 127),
(1378, 30, 290, 2, 25, 1, 127),
(1379, 30, 291, 2, 7, 1, 127),
(1380, 30, 291, 2, 29, 1, 127),
(1381, 30, 291, 2, 13, 1, 127),
(1382, 30, 292, 2, 23, 1, 127),
(1383, 30, 292, 2, 7, 1, 127),
(1384, 30, 293, 2, 7, 1, 127),
(1385, 30, 293, 2, 29, 1, 127),
(1386, 30, 293, 2, 23, 1, 127),
(1387, 30, 294, 2, 7, 1, 127),
(1388, 30, 294, 2, 29, 1, 127),
(1389, 30, 294, 2, 11, 1, 127),
(1392, 30, 295, 2, 13, 1, 127),
(1393, 30, 295, 2, 29, 1, 127),
(1394, 30, 295, 2, 7, 1, 127),
(1395, 30, 296, 2, 7, 1, 127),
(1396, 30, 296, 2, 13, 1, 127),
(1397, 30, 297, 2, 7, 1, 127),
(1398, 30, 297, 2, 13, 1, 127),
(1399, 30, 297, 2, 29, 1, 127),
(1400, 30, 298, 2, 7, 1, 127),
(1401, 30, 298, 2, 13, 1, 127),
(1402, 30, 299, 2, 7, 1, 127),
(1403, 30, 299, 2, 25, 1, 127),
(1404, 30, 300, 2, 7, 1, 127),
(1405, 30, 300, 2, 23, 1, 127),
(1406, 30, 300, 2, 9, 1, 127),
(1407, 30, 300, 2, 29, 1, 127),
(1413, 30, 302, 2, 7, 1, 127),
(1414, 30, 302, 2, 13, 1, 127),
(1415, 30, 302, 2, 29, 1, 127),
(1416, 30, 303, 2, 7, 1, 127),
(1417, 30, 303, 2, 13, 1, 127),
(1418, 30, 304, 2, 7, 1, 127),
(1419, 30, 304, 2, 13, 1, 127),
(1420, 30, 305, 2, 7, 1, 127),
(1421, 30, 305, 2, 13, 1, 127),
(1422, 30, 305, 2, 29, 1, 127),
(1423, 30, 306, 2, 7, 1, 127),
(1424, 30, 306, 2, 29, 1, 127),
(1425, 30, 306, 2, 13, 1, 127),
(1426, 30, 307, 2, 7, 1, 127),
(1427, 30, 307, 2, 29, 1, 127),
(1428, 30, 307, 2, 23, 1, 127),
(1429, 30, 308, 2, 7, 1, 127),
(1430, 30, 308, 2, 25, 1, 127),
(1431, 30, 308, 2, 29, 1, 127),
(1432, 30, 309, 2, 7, 1, 127),
(1433, 30, 309, 2, 29, 1, 127),
(1434, 30, 309, 2, 23, 1, 127),
(1435, 30, 310, 2, 7, 1, 127),
(1436, 30, 310, 2, 29, 1, 127),
(1437, 30, 310, 2, 13, 1, 127),
(1438, 30, 311, 2, 7, 1, 127),
(1439, 30, 311, 2, 23, 1, 127),
(1440, 30, 312, 2, 7, 1, 127),
(1441, 30, 312, 2, 13, 1, 127),
(1442, 30, 312, 2, 29, 1, 127),
(1443, 30, 313, 2, 7, 1, 127),
(1444, 30, 313, 2, 23, 1, 127),
(1445, 30, 313, 2, 29, 1, 127),
(1446, 30, 314, 2, 7, 1, 127),
(1447, 30, 314, 2, 13, 1, 127),
(1448, 30, 315, 2, 7, 1, 127),
(1449, 30, 315, 2, 13, 1, 127),
(1450, 30, 315, 2, 29, 1, 127),
(1451, 30, 316, 2, 7, 1, 127),
(1452, 30, 316, 2, 13, 1, 127),
(1453, 30, 317, 2, 7, 1, 127),
(1454, 30, 317, 2, 13, 1, 127),
(1455, 30, 317, 2, 29, 1, 127),
(1456, 30, 318, 2, 7, 1, 127),
(1457, 30, 318, 2, 25, 1, 127),
(1458, 30, 318, 2, 29, 1, 127),
(1459, 30, 319, 2, 7, 1, 127),
(1460, 30, 319, 2, 29, 1, 127),
(1461, 30, 319, 2, 13, 1, 127),
(1462, 30, 320, 2, 7, 1, 127),
(1463, 30, 320, 2, 13, 1, 127),
(1464, 30, 320, 2, 29, 1, 127),
(1465, 30, 321, 2, 7, 1, 127),
(1466, 30, 321, 2, 29, 1, 127),
(1467, 30, 321, 2, 13, 1, 127),
(1468, 30, 322, 2, 7, 1, 127),
(1469, 30, 322, 2, 13, 1, 127),
(1470, 30, 323, 2, 7, 1, 127),
(1471, 30, 323, 2, 29, 1, 127),
(1472, 30, 323, 2, 13, 1, 127),
(1477, 30, 324, 2, 7, 1, 127),
(1478, 30, 324, 2, 11, 1, 127),
(1479, 30, 324, 2, 13, 1, 127),
(1480, 30, 324, 2, 29, 1, 127),
(1481, 30, 325, 2, 7, 1, 127),
(1482, 30, 325, 2, 29, 1, 127),
(1483, 30, 325, 2, 13, 1, 127),
(1484, 30, 326, 2, 7, 1, 127),
(1485, 30, 326, 2, 25, 1, 127),
(1486, 30, 326, 2, 29, 1, 127),
(1487, 30, 327, 2, 7, 1, 127),
(1488, 30, 327, 2, 29, 1, 127),
(1489, 30, 327, 2, 25, 1, 127),
(1490, 30, 328, 2, 7, 1, 127),
(1491, 30, 328, 2, 13, 1, 127),
(1492, 30, 328, 2, 29, 1, 127),
(1493, 30, 329, 2, 7, 1, 127),
(1494, 30, 329, 2, 23, 1, 127),
(1495, 30, 329, 2, 29, 1, 127),
(1496, 30, 330, 2, 7, 1, 127),
(1497, 30, 331, 2, 7, 1, 127),
(1498, 30, 331, 2, 15, 1, 127),
(1499, 30, 331, 2, 25, 1, 127),
(1500, 30, 331, 2, 29, 1, 127),
(1501, 30, 332, 2, 7, 1, 127),
(1502, 30, 332, 2, 13, 1, 127),
(1503, 30, 332, 2, 29, 1, 127),
(1504, 30, 333, 2, 15, 1, 127),
(1505, 30, 333, 2, 13, 1, 127),
(1506, 30, 333, 2, 29, 1, 127),
(1507, 30, 334, 2, 7, 1, 127),
(1508, 30, 334, 2, 11, 1, 127),
(1509, 30, 334, 2, 29, 1, 127),
(1510, 30, 334, 2, 23, 1, 127),
(1511, 30, 336, 2, 7, 1, 127),
(1512, 30, 336, 2, 13, 1, 127),
(1513, 30, 336, 2, 29, 1, 127),
(1514, 30, 337, 2, 7, 1, 127),
(1515, 30, 337, 2, 29, 1, 127),
(1516, 30, 337, 2, 13, 1, 127),
(1517, 30, 338, 2, 7, 1, 127),
(1518, 30, 338, 2, 25, 1, 127),
(1519, 30, 338, 2, 29, 1, 127),
(1520, 30, 182, 2, 7, 1, 127),
(1521, 30, 182, 2, 25, 1, 127),
(1522, 30, 184, 2, 7, 1, 127),
(1523, 30, 184, 2, 25, 1, 127),
(1524, 30, 184, 2, 29, 1, 127),
(1525, 30, 184, 3, 22, 1, 127),
(1526, 30, 184, 3, 21, 1, 127),
(1527, 30, 184, 3, 20, 1, 127),
(1528, 30, 184, 4, 18, 1, 127),
(1529, 30, 186, 2, 7, 1, 127),
(1530, 30, 186, 2, 11, 1, 127),
(1531, 30, 186, 2, 13, 1, 127),
(1532, 30, 186, 3, 20, 1, 127),
(1533, 30, 186, 4, 18, 1, 127),
(1534, 30, 187, 2, 7, 1, 127),
(1535, 30, 187, 2, 25, 1, 127),
(1536, 30, 187, 1, 19, 1, 127),
(1537, 30, 187, 3, 20, 1, 127),
(1538, 30, 187, 4, 18, 1, 127),
(1539, 30, 188, 2, 7, 1, 127),
(1540, 30, 188, 2, 11, 1, 127),
(1541, 30, 188, 2, 13, 1, 127),
(1542, 30, 188, 4, 18, 1, 127),
(1543, 30, 188, 1, 24, 1, 127),
(1544, 30, 189, 2, 11, 1, 127),
(1545, 30, 189, 2, 29, 1, 127),
(1546, 30, 189, 1, 24, 1, 127),
(1547, 30, 189, 3, 20, 1, 127),
(1548, 30, 189, 4, 18, 1, 127),
(1549, 30, 190, 2, 11, 1, 127),
(1550, 30, 190, 2, 13, 1, 127),
(1551, 30, 190, 2, 29, 1, 127),
(1552, 30, 190, 1, 24, 1, 127),
(1553, 30, 190, 4, 18, 1, 127),
(1554, 30, 191, 2, 7, 1, 127),
(1555, 30, 191, 2, 23, 1, 127),
(1556, 30, 191, 2, 29, 1, 127),
(1557, 30, 191, 3, 22, 1, 127),
(1558, 30, 191, 3, 21, 1, 127),
(1559, 30, 191, 3, 20, 1, 127),
(1560, 30, 191, 4, 18, 1, 127),
(1561, 30, 191, 1, 5, 1, 127),
(1562, 30, 191, 1, 1, 1, 127),
(1563, 30, 191, 1, 3, 1, 127),
(1564, 30, 191, 1, 19, 1, 127),
(1565, 30, 192, 2, 7, 1, 127),
(1566, 30, 192, 2, 10, 1, 127),
(1567, 30, 192, 2, 23, 1, 127),
(1568, 30, 192, 2, 29, 1, 127),
(1569, 30, 192, 1, 24, 1, 127),
(1570, 30, 192, 1, 5, 1, 127),
(1571, 30, 192, 1, 6, 1, 127),
(1572, 30, 192, 1, 1, 1, 127),
(1573, 30, 192, 1, 3, 1, 127),
(1574, 30, 192, 1, 19, 1, 127),
(1575, 30, 192, 3, 22, 1, 127),
(1576, 30, 192, 3, 21, 1, 127),
(1577, 30, 192, 3, 20, 1, 127),
(1578, 30, 192, 4, 18, 1, 127),
(1579, 30, 193, 2, 7, 1, 127),
(1580, 30, 193, 2, 29, 1, 127),
(1581, 30, 194, 2, 7, 1, 127),
(1582, 30, 194, 2, 15, 1, 127),
(1583, 30, 194, 2, 23, 1, 127),
(1584, 30, 194, 2, 29, 1, 127),
(1585, 30, 194, 1, 24, 1, 127),
(1586, 30, 194, 1, 5, 1, 127),
(1587, 30, 194, 1, 1, 1, 127),
(1588, 30, 194, 3, 20, 1, 127),
(1589, 30, 194, 3, 22, 1, 127),
(1590, 30, 194, 3, 21, 1, 127),
(1591, 30, 194, 4, 18, 1, 127),
(1592, 30, 195, 2, 7, 1, 127),
(1593, 30, 195, 2, 15, 1, 127),
(1594, 30, 195, 3, 20, 1, 127),
(1595, 30, 196, 2, 7, 1, 127),
(1596, 30, 196, 2, 11, 1, 127),
(1597, 30, 196, 2, 13, 1, 127),
(1598, 30, 196, 2, 15, 1, 127),
(1599, 30, 196, 1, 24, 1, 127),
(1600, 30, 196, 3, 20, 1, 127),
(1601, 30, 196, 4, 18, 1, 127),
(1602, 30, 197, 2, 7, 1, 127),
(1603, 30, 197, 2, 11, 1, 127),
(1604, 30, 197, 2, 13, 1, 127),
(1605, 30, 197, 1, 24, 1, 127),
(1606, 30, 197, 3, 20, 1, 127),
(1607, 30, 198, 2, 13, 1, 127),
(1608, 30, 301, 2, 7, 1, 127),
(1609, 30, 301, 2, 8, 1, 127),
(1610, 30, 301, 2, 9, 1, 127),
(1611, 30, 301, 2, 13, 1, 127),
(1612, 30, 301, 2, 29, 1, 127),
(1613, 1, 339, 2, 28, 1, 127),
(1614, 1, 339, 3, 22, 1, 127),
(1625, 24, 340, 1, 1, 1, 127),
(1626, 24, 340, 1, 5, 1, 127),
(1627, 24, 340, 2, 7, 1, 127),
(1628, 24, 340, 2, 8, 1, 127),
(1629, 24, 340, 2, 14, 1, 127),
(1630, 24, 340, 2, 15, 1, 127),
(1631, 24, 340, 1, 19, 1, 127),
(1632, 24, 340, 3, 20, 1, 127),
(1633, 24, 340, 3, 21, 1, 127),
(1634, 24, 340, 2, 32, 1, 127),
(1640, 24, 341, 2, 14, 1, 127),
(1641, 24, 341, 3, 20, 1, 127),
(1642, 24, 341, 3, 21, 1, 127),
(1643, 24, 341, 3, 22, 1, 127),
(1644, 24, 341, 1, 24, 1, 127),
(1662, 42, 342, 1, 3, 1, 127),
(1663, 42, 342, 1, 6, 1, 127),
(1664, 42, 342, 2, 7, 1, 127),
(1665, 42, 342, 2, 12, 1, 127),
(1666, 42, 342, 2, 13, 1, 127),
(1667, 42, 342, 4, 18, 1, 127),
(1668, 42, 342, 3, 20, 1, 127),
(1669, 42, 342, 3, 22, 1, 127),
(1670, 42, 342, 2, 27, 1, 127),
(1671, 24, 343, 1, 19, 1, 127),
(1672, 24, 343, 1, 5, 1, 127),
(1673, 24, 343, 2, 14, 1, 127),
(1674, 24, 343, 2, 15, 1, 127),
(1675, 24, 343, 2, 55, 1, 127),
(1676, 24, 343, 3, 20, 1, 127),
(1677, 24, 343, 3, 22, 1, 127),
(1678, 24, 343, 3, 21, 1, 127);

--
-- Indexes for dumped tables
--

--
-- Indexes for table `cases`
--
ALTER TABLE `cases`
  ADD PRIMARY KEY (`id`),
  ADD KEY `memberid` (`memberid`),
  ADD KEY `submissionstatus` (`submissionstatus`);

--
-- Indexes for table `contact`
--
ALTER TABLE `contact`
  ADD PRIMARY KEY (`id`);

--
-- Indexes for table `feature`
--
ALTER TABLE `feature`
  ADD PRIMARY KEY (`id`);

--
-- Indexes for table `membercasetable`
--
ALTER TABLE `membercasetable`
  ADD KEY `memberid` (`memberid`,`caseid`);

--
-- Indexes for table `members`
--
ALTER TABLE `members`
  ADD PRIMARY KEY (`id`);

--
-- Indexes for table `methodfeature`
--
ALTER TABLE `methodfeature`
  ADD KEY `methodid` (`methodid`,`featureid`),
  ADD KEY `featureid` (`featureid`);

--
-- Indexes for table `methods`
--
ALTER TABLE `methods`
  ADD PRIMARY KEY (`id`);

--
-- Indexes for table `phase`
--
ALTER TABLE `phase`
  ADD PRIMARY KEY (`id`);

--
-- Indexes for table `regions`
--
ALTER TABLE `regions`
  ADD PRIMARY KEY (`id`);

--
-- Indexes for table `simplecase`
--
ALTER TABLE `simplecase`
  ADD PRIMARY KEY (`id`);

--
-- Indexes for table `testtable`
--
ALTER TABLE `testtable`
  ADD PRIMARY KEY (`id`);

--
-- Indexes for table `tier2data`
--
ALTER TABLE `tier2data`
  ADD PRIMARY KEY (`id`),
  ADD KEY `memberid` (`memberid`,`caseid`,`methodid`,`featureid`,`phaseid`),
  ADD KEY `methodtype` (`methodtype`);

--
-- AUTO_INCREMENT for dumped tables
--

--
-- AUTO_INCREMENT for table `cases`
--
ALTER TABLE `cases`
  MODIFY `id` int(11) NOT NULL AUTO_INCREMENT, AUTO_INCREMENT=344;

--
-- AUTO_INCREMENT for table `contact`
--
ALTER TABLE `contact`
  MODIFY `id` int(11) NOT NULL AUTO_INCREMENT, AUTO_INCREMENT=2;

--
-- AUTO_INCREMENT for table `feature`
--
ALTER TABLE `feature`
  MODIFY `id` int(11) NOT NULL AUTO_INCREMENT, AUTO_INCREMENT=88;

--
-- AUTO_INCREMENT for table `members`
--
ALTER TABLE `members`
  MODIFY `id` int(11) NOT NULL AUTO_INCREMENT, AUTO_INCREMENT=54;

--
-- AUTO_INCREMENT for table `methods`
--
ALTER TABLE `methods`
  MODIFY `id` int(11) NOT NULL AUTO_INCREMENT, AUTO_INCREMENT=56;

--
-- AUTO_INCREMENT for table `phase`
--
ALTER TABLE `phase`
  MODIFY `id` int(11) NOT NULL AUTO_INCREMENT, AUTO_INCREMENT=128;

--
-- AUTO_INCREMENT for table `regions`
--
ALTER TABLE `regions`
  MODIFY `id` int(11) NOT NULL AUTO_INCREMENT, AUTO_INCREMENT=5;

--
-- AUTO_INCREMENT for table `simplecase`
--
ALTER TABLE `simplecase`
  MODIFY `id` int(11) NOT NULL AUTO_INCREMENT;

--
-- AUTO_INCREMENT for table `testtable`
--
ALTER TABLE `testtable`
  MODIFY `id` int(11) NOT NULL AUTO_INCREMENT, AUTO_INCREMENT=40;

--
-- AUTO_INCREMENT for table `tier2data`
--
ALTER TABLE `tier2data`
  MODIFY `id` int(11) NOT NULL AUTO_INCREMENT, AUTO_INCREMENT=1679;
COMMIT;

/*!40101 SET CHARACTER_SET_CLIENT=@OLD_CHARACTER_SET_CLIENT */;
/*!40101 SET CHARACTER_SET_RESULTS=@OLD_CHARACTER_SET_RESULTS */;
/*!40101 SET COLLATION_CONNECTION=@OLD_COLLATION_CONNECTION */;
